-- Tsugumi Traits
INSERT INTO Types
(Type,  Kind)
VALUES
('TRAIT_LEADER_TSUGUMI_gkls621', 'KIND_TRAIT'),
('ABILITY_TSUGUMI_CAVALRY_ESCORT_MOVEMENT_gkls621', 'KIND_ABILITY');

INSERT INTO TypeTags
(Type, Tag)
VALUES
('ABILITY_TSUGUMI_CAVALRY_ESCORT_MOVEMENT_gkls621', 'CLASS_HEAVY_CAVALRY'),
('ABILITY_TSUGUMI_CAVALRY_ESCORT_MOVEMENT_gkls621', 'CLASS_LIGHT_CAVALRY'),
('ABILITY_TSUGUMI_CAVALRY_ESCORT_MOVEMENT_gkls621', 'CLASS_RANGED_CAVALRY');

INSERT INTO Traits
(TraitType,                     Name,                                   Description)
VALUES
('TRAIT_LEADER_TSUGUMI_gkls621', 'LOC_TRAIT_LEADER_TSUGUMI_gkls621_NAME', 'LOC_TRAIT_LEADER_TSUGUMI_gkls621_DESCRIPTION');

INSERT INTO LeaderTraits
(LeaderType,                TraitType)
VALUES
('LEADER_TSUGUMI_gkls621',  'TRAIT_LEADER_TSUGUMI_gkls621');
--('LEADER_TSUGUMI_gkls621',   'TRAIT_DISTRICT_CAFFE_gkls621');

INSERT INTO TraitModifiers
(TraitType, ModifierId)
VALUES
('TRAIT_LEADER_TSUGUMI_gkls621', 'TSUGUMI_CAVALRY_SHARE_MOVEMENT_gkls621'),
('TRAIT_LEADER_TSUGUMI_gkls621', 'TSUGUMI_TRADE_GOLD_PER_TRADING_POST_gkls621'),
('TRAIT_LEADER_TSUGUMI_gkls621', 'TSUGUMI_TRADE_FOOD_PER_TRADING_POST_gkls621'),
('TRAIT_LEADER_TSUGUMI_gkls621', 'TSUGUMI_TRADE_PRODUCTION_PER_TRADING_POST_gkls621');

INSERT INTO TraitModifiers
(TraitType, ModifierId)
SELECT
'TRAIT_LEADER_TSUGUMI_gkls621', 'TSUGUMI_IMPROVED_' || ResourceType || '_TRADE_CAPACITY_gkls621'
FROM Resources WHERE Frequency > 0;

INSERT INTO GovernorPromotionModifiers
(GovernorPromotionType, ModifierId)
SELECT
GovernorPromotionType, 'TSUGUMI_TRADE_ROUTE_SCIENCE_TO_OTHERS_BASE_gkls621'
FROM GovernorPromotions
UNION SELECT
GovernorPromotionType, 'TSUGUMI_TRADE_ROUTE_SCIENCE_TO_OTHERS_EXTRA_gkls621'
FROM GovernorPromotions;

INSERT INTO Modifiers
(ModifierId, ModifierType, SubjectRequirementSetId)
VALUES
('TSUGUMI_CAVALRY_SHARE_MOVEMENT_gkls621', 'MODIFIER_PLAYER_UNITS_GRANT_ABILITY', NULL),
('TSUGUMI_TRADE_GOLD_PER_TRADING_POST_gkls621', 'MODIFIER_PLAYER_ADJUST_TRADE_ROUTE_YIELD_PER_POST_IN_OWN_CITY', NULL),
('TSUGUMI_TRADE_FOOD_PER_TRADING_POST_gkls621', 'MODIFIER_PLAYER_ADJUST_TRADE_ROUTE_YIELD_PER_POST_IN_OWN_CITY', NULL),
('TSUGUMI_TRADE_PRODUCTION_PER_TRADING_POST_gkls621', 'MODIFIER_PLAYER_ADJUST_TRADE_ROUTE_YIELD_PER_POST_IN_OWN_CITY', NULL),
('TSUGUMI_TRADE_ROUTE_SCIENCE_TO_OTHERS_BASE_gkls621', 'MODIFIER_SINGLE_CITY_ADJUST_TRADE_ROUTE_YIELD_TO_OTHERS', 'REQSET_AG_LEADER_IS_TSUGUMI_gkls621'),
('TSUGUMI_TRADE_ROUTE_SCIENCE_TO_OTHERS_EXTRA_gkls621', 'MODIFIER_SINGLE_CITY_ADJUST_TRADE_ROUTE_YIELD_TO_OTHERS', 'REQSET_AG_PLAYER_HAS_MERCANTILISM_AND_IS_TSUGUMI_gkls621');

INSERT INTO Modifiers
(ModifierId, ModifierType, SubjectRequirementSetId)
SELECT
'TSUGUMI_IMPROVED_' || ResourceType || '_TRADE_CAPACITY_gkls621',
'MODIFIER_PLAYER_ADJUST_TRADE_ROUTE_CAPACITY',
'REQSET_AG_' || ResourceType || '_IMPROVED_gkls621'
FROM Resources WHERE Frequency > 0;

INSERT INTO ModifierArguments
(ModifierId, Name, Value)
VALUES
('TSUGUMI_CAVALRY_SHARE_MOVEMENT_gkls621', 'AbilityType', 'ABILITY_TSUGUMI_CAVALRY_ESCORT_MOVEMENT_gkls621'),
('TSUGUMI_TRADE_GOLD_PER_TRADING_POST_gkls621', 'YieldType', 'YIELD_GOLD'),
('TSUGUMI_TRADE_GOLD_PER_TRADING_POST_gkls621', 'Amount', 2),
('TSUGUMI_TRADE_FOOD_PER_TRADING_POST_gkls621', 'YieldType', 'YIELD_FOOD'),
('TSUGUMI_TRADE_FOOD_PER_TRADING_POST_gkls621', 'Amount', 2),
('TSUGUMI_TRADE_PRODUCTION_PER_TRADING_POST_gkls621', 'YieldType', 'YIELD_PRODUCTION'),
('TSUGUMI_TRADE_PRODUCTION_PER_TRADING_POST_gkls621', 'Amount', 2),
('TSUGUMI_TRADE_ROUTE_SCIENCE_TO_OTHERS_BASE_gkls621', 'YieldType', 'YIELD_SCIENCE'),
('TSUGUMI_TRADE_ROUTE_SCIENCE_TO_OTHERS_BASE_gkls621', 'Amount', 1),
('TSUGUMI_TRADE_ROUTE_SCIENCE_TO_OTHERS_BASE_gkls621', 'Domestic', 1),
('TSUGUMI_TRADE_ROUTE_SCIENCE_TO_OTHERS_EXTRA_gkls621', 'YieldType', 'YIELD_SCIENCE'),
('TSUGUMI_TRADE_ROUTE_SCIENCE_TO_OTHERS_EXTRA_gkls621', 'Amount', 1),
('TSUGUMI_TRADE_ROUTE_SCIENCE_TO_OTHERS_EXTRA_gkls621', 'Domestic', 1);

INSERT INTO ModifierArguments
(ModifierId, Name, Value)
SELECT
'TSUGUMI_IMPROVED_' || ResourceType || '_TRADE_CAPACITY_gkls621',
'Amount', 1
FROM Resources WHERE Frequency > 0;

INSERT INTO RequirementSets (RequirementSetId, RequirementSetType)
VALUES
('REQSET_AG_LEADER_IS_TSUGUMI_gkls621', 'REQUIREMENTSET_TEST_ALL'),
('REQSET_AG_PLAYER_HAS_MERCANTILISM_AND_IS_TSUGUMI_gkls621', 'REQUIREMENTSET_TEST_ALL');

INSERT INTO RequirementSetRequirements (RequirementSetId, RequirementId)
VALUES
('REQSET_AG_LEADER_IS_TSUGUMI_gkls621', 'AG_LEADER_IS_TSUGUMI_gkls621'),
('REQSET_AG_PLAYER_HAS_MERCANTILISM_AND_IS_TSUGUMI_gkls621', 'AG_LEADER_IS_TSUGUMI_gkls621'),
('REQSET_AG_PLAYER_HAS_MERCANTILISM_AND_IS_TSUGUMI_gkls621', 'AG_PLAYER_HAS_MERCANTILISM_gkls621');

INSERT INTO Requirements (RequirementId, RequirementType)
VALUES
('AG_LEADER_IS_TSUGUMI_gkls621', 'REQUIREMENT_PLAYER_LEADER_TYPE_MATCHES'),
('AG_PLAYER_HAS_MERCANTILISM_gkls621', 'REQUIREMENT_PLAYER_HAS_CIVIC');

INSERT INTO RequirementArguments (RequirementId, Name, Value)
VALUES
('AG_LEADER_IS_TSUGUMI_gkls621', 'LeaderType', 'LEADER_TSUGUMI_gkls621'),
('AG_PLAYER_HAS_MERCANTILISM_gkls621', 'CivicType', 'CIVIC_MERCANTILISM');

-- Modularised Reqsets
INSERT INTO RequirementSets (RequirementSetId, RequirementSetType)
SELECT
'REQSET_AG_' || ResourceType || '_IMPROVED_gkls621', 'REQUIREMENTSET_TEST_ALL'
FROM Resources WHERE Frequency > 0;

INSERT INTO RequirementSetRequirements (RequirementSetId, RequirementId)
SELECT
'REQSET_AG_' || ResourceType || '_IMPROVED_gkls621',
'AG_' || ResourceType || '_IMPROVED_gkls621'
FROM Resources WHERE Frequency > 0;

INSERT INTO Requirements (RequirementId, RequirementType)
SELECT
'AG_' || ResourceType || '_IMPROVED_gkls621',
'REQUIREMENT_PLAYER_HAS_RESOURCE_IMPROVED'
FROM Resources WHERE Frequency > 0;

INSERT INTO RequirementArguments (RequirementId, Name, Value)
SELECT
'AG_' || ResourceType || '_IMPROVED_gkls621',
'ResourceType', ResourceType
FROM Resources WHERE Frequency > 0;

INSERT INTO UnitAbilities
(UnitAbilityType,   Name,   Description, Inactive)
VALUES
('ABILITY_TSUGUMI_CAVALRY_ESCORT_MOVEMENT_gkls621', 'LOC_TRAIT_LEADER_TSUGUMI_gkls621_NAME', 'LOC_ABILITY_TSUGUMI_CAVALRY_ESCORT_MOVEMENT_gkls621_DESCRIPTION', 1);

INSERT INTO UnitAbilityModifiers
(UnitAbilityType, ModifierId)
VALUES
('ABILITY_TSUGUMI_CAVALRY_ESCORT_MOVEMENT_gkls621', 'ESCORT_MOBILITY_SHARED_MOVEMENT');