-- Tsugumi's Agenda
INSERT INTO Types
(Type,	Kind)
VALUES
('TRAIT_AGENDA_TSUGUMI_gkls621',    'KIND_TRAIT');

INSERT INTO Traits
(TraitType)
VALUES
('TRAIT_AGENDA_TSUGUMI_gkls621');

INSERT INTO Agendas
(AgendaType,	Name,	Description)
VALUES
('AGENDA_TSUGUMI_gkls621',	'LOC_AGENDA_TSUGUMI_gkls621_NAME',	'LOC_AGENDA_TSUGUMI_gkls621_DESCRIPTION');

INSERT INTO AiListTypes
(ListType)
VALUES
('TSUGUMI_PSEUDOYIELD_gkls621');

INSERT INTO AiLists
(ListType, AgendaType, System)
VALUES
('TSUGUMI_PSEUDOYIELD_gkls621', 'TRAIT_AGENDA_TSUGUMI_gkls621', 'PseudoYields');

INSERT INTO AiFavoredItems
(ListType, Item, Value)
VALUES
('TSUGUMI_PSEUDOYIELD_gkls621', 'PSEUDOYIELD_HAPPINESS', 100),
('TSUGUMI_PSEUDOYIELD_gkls621', 'PSEUDOYIELD_RESOURCE_LUXURY', 50);

INSERT INTO HistoricalAgendas
(LeaderType,	AgendaType)
VALUES
('LEADER_TSUGUMI_gkls621',	'AGENDA_TSUGUMI_gkls621');

INSERT INTO ExclusiveAgendas
(AgendaOne,	AgendaTwo)
VALUES
('AGENDA_TSUGUMI_gkls621',	'AGENDA_MONEY_GRUBBER'),
('AGENDA_TSUGUMI_gkls621',	'AGENDA_FUN_LOVING'),
('AGENDA_TSUGUMI_gkls621',	'AGENDA_SYCOPHANT'),
('AGENDA_TSUGUMI_gkls621',	'AGENDA_DARWINIST');

INSERT INTO AgendaPreferredLeaders
(AgendaType,	LeaderType,	PercentageChance)
VALUES
('AGENDA_SYMPATHIZER',  'LEADER_TSUGUMI_gkls621',	50),
('AGENDA_CULTURED',    'LEADER_TSUGUMI_gkls621',  50);

INSERT INTO AgendaTraits
(AgendaType,	TraitType)
VALUES
('AGENDA_TSUGUMI_gkls621',	'TRAIT_AGENDA_TSUGUMI_gkls621');

INSERT INTO TraitModifiers
(TraitType,	ModifierId)
VALUES
('TRAIT_AGENDA_TSUGUMI_gkls621', 'AGENDA_TSUGUMI_gkls621_HIGH_INCOME_HIGH_HAPPINESS'),
('TRAIT_AGENDA_TSUGUMI_gkls621', 'AGENDA_TSUGUMI_gkls621_HIGH_INCOME_LOW_HAPPINESS');

INSERT INTO Modifiers
(ModifierId,	ModifierType,	SubjectRequirementSetId)
VALUES
('AGENDA_TSUGUMI_gkls621_HIGH_INCOME_HIGH_HAPPINESS',   'MODIFIER_PLAYER_DIPLOMACY_SIMPLE_MODIFIER',    'REQSET_AG_TSUGUMI_KUDO_gkls621'),
('AGENDA_TSUGUMI_gkls621_HIGH_INCOME_LOW_HAPPINESS',   'MODIFIER_PLAYER_DIPLOMACY_SIMPLE_MODIFIER',    'REQSET_AG_TSUGUMI_WARNING_gkls621');

INSERT INTO ModifierArguments
(ModifierId,	Name,	Value)
VALUES
('AGENDA_TSUGUMI_gkls621_HIGH_INCOME_HIGH_HAPPINESS',   'InitialValue',					8),
('AGENDA_TSUGUMI_gkls621_HIGH_INCOME_HIGH_HAPPINESS',   'StatementKey',					'LOC_DIPLO_KUDO_LEADER_TSUGUMI_gkls621_AGENDA_HIGH_INCOME_HIGH_HAPPINESS'),
('AGENDA_TSUGUMI_gkls621_HIGH_INCOME_HIGH_HAPPINESS',   'SimpleModifierDescription',	    'LOC_DIPLO_MODIFIER_DESCRIPTION_TSUGUMI_gkls621_AGENDA_HIGH_INCOME_HIGH_HAPPINESS'),
('AGENDA_TSUGUMI_gkls621_HIGH_INCOME_LOW_HAPPINESS',   'InitialValue',				-1),
('AGENDA_TSUGUMI_gkls621_HIGH_INCOME_LOW_HAPPINESS',   'StatementKey',				'LOC_DIPLO_WARNING_LEADER_TSUGUMI_gkls621_AGENDA_HIGH_INCOME_LOW_HAPPINESS'),
('AGENDA_TSUGUMI_gkls621_HIGH_INCOME_LOW_HAPPINESS',   'SimpleModifierDescription',	'LOC_DIPLO_MODIFIER_DESCRIPTION_TSUGUMI_gkls621_AGENDA_HIGH_INCOME_LOW_HAPPINESS');

INSERT INTO ModifierStrings
(ModifierId,	Context,	Text)
VALUES
('AGENDA_TSUGUMI_gkls621_HIGH_INCOME_HIGH_HAPPINESS',	'Sample',	'LOC_TOOLTIP_SAMPLE_DIPLOMACY_ALL'),
('AGENDA_TSUGUMI_gkls621_HIGH_INCOME_LOW_HAPPINESS', 'Sample',	'LOC_TOOLTIP_SAMPLE_DIPLOMACY_ALL');

INSERT INTO RequirementSets (RequirementSetId, RequirementSetType)
VALUES
('REQSET_AG_TSUGUMI_KUDO_gkls621', 'REQUIREMENTSET_TEST_ALL'),
('REQSET_AG_TSUGUMI_WARNING_gkls621', 'REQUIREMENTSET_TEST_ALL');

INSERT INTO RequirementSetRequirements (RequirementSetId, RequirementId)
VALUES
('REQSET_AG_TSUGUMI_KUDO_gkls621', 'REQUIRES_HAS_HIGH_INCOME'),
('REQSET_AG_TSUGUMI_KUDO_gkls621', 'REQUIRES_HAS_HIGH_HAPPINESS'),
('REQSET_AG_TSUGUMI_KUDO_gkls621', 'REQUIRES_MAJOR_CIV_OPPONENT'),
('REQSET_AG_TSUGUMI_KUDO_gkls621', 'REQUIRES_MET_30_TURNS_AGO'),
('REQSET_AG_TSUGUMI_WARNING_gkls621', 'REQUIRES_HAS_LOW_INCOME'),
('REQSET_AG_TSUGUMI_WARNING_gkls621', 'REQUIRES_HAS_LOW_HAPPINESS'),
('REQSET_AG_TSUGUMI_WARNING_gkls621', 'REQUIRES_MAJOR_CIV_OPPONENT'),
('REQSET_AG_TSUGUMI_WARNING_gkls621', 'REQUIRES_MET_30_TURNS_AGO');