INSERT INTO Types
(Type, Kind)
VALUES
('UNIT_FELLOW_GANG_gkls621', 'KIND_UNIT'),
('TRAIT_UNIT_FELLOW_GANG_gkls621', 'KIND_TRAIT'),
('ABILITY_FELLOW_GANG_gkls621', 'KIND_ABILITY');

INSERT INTO Tags
(Tag,   Vocabulary)
VALUES
('CLASS_FELLOW_GANG_gkls621',   'ABILITY_CLASS');

INSERT INTO TypeTags
(Type,  Tag)
VALUES
('UNIT_FELLOW_GANG_gkls621', 'CLASS_ANTI_CAVALRY'),
('UNIT_FELLOW_GANG_gkls621', 'CLASS_FELLOW_GANG_gkls621'),
('ABILITY_IGNORE_ZOC', 'CLASS_FELLOW_GANG_gkls621'),
('ABILITY_FELLOW_GANG_gkls621', 'CLASS_FELLOW_GANG_gkls621');

INSERT INTO UnitAiInfos
(UnitType,  AiType)
VALUES
('UNIT_FELLOW_GANG_gkls621',    'UNITAI_COMBAT'),
('UNIT_FELLOW_GANG_gkls621',    'UNITAI_EXPLORE'),
('UNIT_FELLOW_GANG_gkls621',    'UNITTYPE_MELEE'),
('UNIT_FELLOW_GANG_gkls621',    'UNITTYPE_ANTI_CAVALRY'),
('UNIT_FELLOW_GANG_gkls621',    'UNITTYPE_LAND_COMBAT');

INSERT INTO Traits
(TraitType, Name,   Description)
VALUES
('TRAIT_UNIT_FELLOW_GANG_gkls621',    'LOC_UNIT_FELLOW_GANG_gkls621_NAME',  'LOC_UNIT_FELLOW_GANG_gkls621_DESCRIPTION');

INSERT INTO UnitReplaces
(CivUniqueUnitType, ReplacesUnitType)
VALUES
('UNIT_FELLOW_GANG_gkls621',  'UNIT_SPEARMAN');

INSERT INTO UnitUpgrades
(Unit,  UpgradeUnit)
VALUES
('UNIT_FELLOW_GANG_gkls621',   'UNIT_PIKEMAN');

INSERT INTO Units
(UnitType,
Name, 
Description, 
Cost,
CostProgressionModel,
CostProgressionParam1,
Maintenance,
BaseMoves,
BaseSightRange,
ZoneOfControl,
Domain,
Combat,
BuildCharges,
ParkCharges,
FormationClass,
PromotionClass,
AdvisorType,
PurchaseYield,
PrereqTech,
PrereqCivic,
TraitType
)VALUES
('UNIT_FELLOW_GANG_gkls621',
'LOC_UNIT_FELLOW_GANG_gkls621_NAME',
'LOC_UNIT_FELLOW_GANG_gkls621_DESCRIPTION',
45,
'NO_COST_PROGRESSION',
0,
0,
3,
2,
1,
'DOMAIN_LAND',
23,
0,
0,
'FORMATION_CLASS_LAND_COMBAT',
'PROMOTION_CLASS_ANTI_CAVALRY',
'ADVISOR_CONQUEST',
'YIELD_GOLD',
'TECH_IRRIGATION',
NULL,
'TRAIT_UNIT_FELLOW_GANG_gkls621');

INSERT INTO UnitAbilities
(UnitAbilityType,   Name,   Description)
VALUES
('ABILITY_FELLOW_GANG_gkls621', 'LOC_ABILITY_FELLOW_GANG_gkls621_NAME', 'LOC_ABILITY_FELLOW_GANG_gkls621_DESCRIPTION');

INSERT INTO UnitAbilityModifiers
(UnitAbilityType, ModifierId)
VALUES
('ABILITY_FELLOW_GANG_gkls621', 'FELLOW_GANG_HOME_MOVEMENT_gkls621'),
('ABILITY_FELLOW_GANG_gkls621', 'FELLOW_GANG_ADJACENCY_COMBAT_gkls621'),
('ABILITY_FELLOW_GANG_gkls621', 'FELLOW_GANG_VS_MELEE_gkls621'),
('ABILITY_FELLOW_GANG_gkls621', 'FELLOW_GANG_VS_DISTRICT_gkls621');

INSERT INTO Modifiers
(ModifierId, ModifierType, SubjectRequirementSetId)
VALUES
('FELLOW_GANG_HOME_MOVEMENT_gkls621', 'MODIFIER_PLAYER_UNIT_ADJUST_MOVEMENT', 'FRIENDLY_TERRITORY_REQUIREMENTS'),
('FELLOW_GANG_ADJACENCY_COMBAT_gkls621', 'GRANT_STRENGTH_PER_ADJACENT_UNIT_TYPE', 'REQSET_AG_PLOT_ADJACENT_TO_FELLOW_gkls621'),
('FELLOW_GANG_VS_MELEE_gkls621', 'MODIFIER_UNIT_ADJUST_COMBAT_STRENGTH', 'THRUST_REQUIREMENTS'),
('FELLOW_GANG_VS_DISTRICT_gkls621', 'MODIFIER_UNIT_ADJUST_COMBAT_STRENGTH', 'UNIT_ATTACKING_DISTRICT_REQUIREMENTS');

INSERT INTO ModifierArguments
(ModifierId, Name, Value)
VALUES
('FELLOW_GANG_HOME_MOVEMENT_gkls621', 'Amount', 2),
('FELLOW_GANG_ADJACENCY_COMBAT_gkls621', 'Amount', 4),
('FELLOW_GANG_ADJACENCY_COMBAT_gkls621', 'UnitType', 'UNIT_FELLOW_GANG_gkls621'),
('FELLOW_GANG_VS_MELEE_gkls621', 'Amount', 10),
('FELLOW_GANG_VS_DISTRICT_gkls621', 'Amount', 10);

INSERT INTO RequirementSets (RequirementSetId, RequirementSetType)
VALUES
('REQSET_AG_PLOT_ADJACENT_TO_FELLOW_gkls621', 'REQUIREMENTSET_TEST_ALL');

INSERT INTO RequirementSetRequirements (RequirementSetId, RequirementId)
VALUES
('REQSET_AG_PLOT_ADJACENT_TO_FELLOW_gkls621', 'AG_PLOT_ADJACENT_TO_FELLOW_gkls621');

INSERT INTO Requirements (RequirementId, RequirementType)
VALUES
('AG_PLOT_ADJACENT_TO_FELLOW_gkls621', 'REQUIREMENT_PLOT_ADJACENT_FRIENDLY_UNIT_TYPE_MATCHES');

INSERT INTO RequirementArguments (RequirementId, Name, Value)
VALUES
('AG_PLOT_ADJACENT_TO_FELLOW_gkls621', 'UnitType', 'UNIT_FELLOW_GANG_gkls621');

INSERT INTO ModifierStrings
(ModifierId, Context, Text)
VALUES
('FELLOW_GANG_ADJACENCY_COMBAT_gkls621', 'Preview', 'LOC_FELLOW_GANG_ADJACENCY_COMBAT_gkls621'),
('FELLOW_GANG_VS_MELEE_gkls621', 'Preview', 'LOC_FELLOW_GANG_VS_MELEE_gkls621'),
('FELLOW_GANG_VS_DISTRICT_gkls621', 'Preview', 'LOC_FELLOW_GANG_VS_DISTRICT_gkls621');