-- Afterglow Leaders
INSERT INTO Types
(Type, Kind)
VALUES
('LEADER_RAN_gkls621',      'KIND_LEADER'),
('LEADER_MOCA_gkls621',     'KIND_LEADER'),
('LEADER_HIMARI_gkls621',   'KIND_LEADER'),
('LEADER_TOMOE_gkls621',    'KIND_LEADER'),
('LEADER_TSUGUMI_gkls621',  'KIND_LEADER');

INSERT INTO Leaders
(LeaderType,	            Name,	                            InheritFrom,	SceneLayers,	Sex)
VALUES
('LEADER_RAN_gkls621',	    'LOC_LEADER_RAN_gkls621_NAME',	    'LEADER_DEFAULT',	4,	'Female'),
('LEADER_MOCA_gkls621',	    'LOC_LEADER_MOCA_gkls621_NAME',	    'LEADER_DEFAULT',	4,	'Female'),
('LEADER_HIMARI_gkls621',	'LOC_LEADER_HIMARI_gkls621_NAME',   'LEADER_DEFAULT',	4,	'Female'),
('LEADER_TOMOE_gkls621',	'LOC_LEADER_TOMOE_gkls621_NAME',    'LEADER_DEFAULT',	4,	'Female'),
('LEADER_TSUGUMI_gkls621',  'LOC_LEADER_TSUGUMI_gkls621_NAME',	'LEADER_DEFAULT',	4,	'Female');

INSERT INTO LeaderQuotes
(LeaderType,	            Quote)
VALUES
('LEADER_RAN_gkls621',	    'LOC_LEADER_RAN_gkls621_QUOTE'),
('LEADER_MOCA_gkls621',	    'LOC_LEADER_MOCA_gkls621_QUOTE'),
('LEADER_HIMARI_gkls621',	'LOC_LEADER_HIMARI_gkls621_QUOTE'),
('LEADER_TOMOE_gkls621',    'LOC_LEADER_TOMOE_gkls621_QUOTE'),
('LEADER_TSUGUMI_gkls621',  'LOC_LEADER_TSUGUMI_gkls621_QUOTE');

INSERT INTO AiListTypes
(ListType)
VALUES
('RAN_gkls621_DISTRICT'),
('RAN_gkls621_WONDER'),
('RAN_gkls621_UNIT'),
('RAN_gkls621_TECH'),
('RAN_gkls621_CIVIC'),
('RAN_gkls621_DIPLO'),

('MOCA_gkls621_DISTRICT'),
('MOCA_gkls621_WONDER'),
('MOCA_gkls621_UNIT'),
('MOCA_gkls621_TECH'),
('MOCA_gkls621_CIVIC'),
('MOCA_gkls621_DIPLO'),

('HIMARI_gkls621_DISTRICT'),
('HIMARI_gkls621_WONDER'),
('HIMARI_gkls621_UNIT'),
('HIMARI_gkls621_TECH'),
('HIMARI_gkls621_CIVIC'),
('HIMARI_gkls621_DIPLO'),

('TOMOE_gkls621_DISTRICT'),
('TOMOE_gkls621_WONDER'),
('TOMOE_gkls621_UNIT'),
('TOMOE_gkls621_TECH'),
('TOMOE_gkls621_CIVIC'),
('TOMOE_gkls621_DIPLO'),

('TSUGUMI_gkls621_DISTRICT'),
('TSUGUMI_gkls621_WONDER'),
('TSUGUMI_gkls621_UNIT'),
('TSUGUMI_gkls621_TECH'),
('TSUGUMI_gkls621_CIVIC'),
('TSUGUMI_gkls621_DIPLO');

INSERT INTO AiLists
(ListType,	                    LeaderType,	                System)
VALUES
('RAN_gkls621_DISTRICT',		'TRAIT_LEADER_RAN_gkls621',	'Districts'),
('RAN_gkls621_WONDER',		    'TRAIT_LEADER_RAN_gkls621',	'Buildings'),
('RAN_gkls621_UNIT',			'TRAIT_LEADER_RAN_gkls621',	'Units'),
('RAN_gkls621_TECH',			'TRAIT_LEADER_RAN_gkls621',	'Technologies'),
('RAN_gkls621_CIVIC',		    'TRAIT_LEADER_RAN_gkls621',	'Civics'),
('RAN_gkls621_DIPLO',		    'TRAIT_LEADER_RAN_gkls621',	'DiplomaticActions'),

('MOCA_gkls621_DISTRICT',	    'TRAIT_LEADER_MOCA_gkls621',	    'Districts'),
('MOCA_gkls621_WONDER',		    'TRAIT_LEADER_MOCA_gkls621',	    'Buildings'),
('MOCA_gkls621_UNIT',		    'TRAIT_LEADER_MOCA_gkls621',	    'Units'),
('MOCA_gkls621_TECH',		    'TRAIT_LEADER_MOCA_gkls621',	    'Technologies'),
('MOCA_gkls621_CIVIC',		    'TRAIT_LEADER_MOCA_gkls621',	    'Civics'),
('MOCA_gkls621_DIPLO',		    'TRAIT_LEADER_MOCA_gkls621',	    'DiplomaticActions'),

('HIMARI_gkls621_DISTRICT',	    'TRAIT_LEADER_HIMARI_gkls621',	    'Districts'),
('HIMARI_gkls621_WONDER',		'TRAIT_LEADER_HIMARI_gkls621',	    'Buildings'),
('HIMARI_gkls621_UNIT',		    'TRAIT_LEADER_HIMARI_gkls621',	    'Units'),
('HIMARI_gkls621_TECH',		    'TRAIT_LEADER_HIMARI_gkls621',	    'Technologies'),
('HIMARI_gkls621_CIVIC',		'TRAIT_LEADER_HIMARI_gkls621',	    'Civics'),
('HIMARI_gkls621_DIPLO',		'TRAIT_LEADER_HIMARI_gkls621',	    'DiplomaticActions'),

('TOMOE_gkls621_DISTRICT',		'TRAIT_LEADER_TOMOE_gkls621',		'Districts'),
('TOMOE_gkls621_WONDER',		'TRAIT_LEADER_TOMOE_gkls621',		'Buildings'),
('TOMOE_gkls621_UNIT',			'TRAIT_LEADER_TOMOE_gkls621',		'Units'),
('TOMOE_gkls621_TECH',			'TRAIT_LEADER_TOMOE_gkls621',		'Technologies'),
('TOMOE_gkls621_CIVIC',			'TRAIT_LEADER_TOMOE_gkls621',		'Civics'),
('TOMOE_gkls621_DIPLO',			'TRAIT_LEADER_TOMOE_gkls621',		'DiplomaticActions'),

('TSUGUMI_gkls621_DISTRICT',    'TRAIT_LEADER_TSUGUMI_gkls621',		'Districts'),
('TSUGUMI_gkls621_WONDER',		'TRAIT_LEADER_TSUGUMI_gkls621',		'Buildings'),
('TSUGUMI_gkls621_UNIT',		'TRAIT_LEADER_TSUGUMI_gkls621',		'Units'),
('TSUGUMI_gkls621_TECH',		'TRAIT_LEADER_TSUGUMI_gkls621',		'Technologies'),
('TSUGUMI_gkls621_CIVIC',		'TRAIT_LEADER_TSUGUMI_gkls621',		'Civics'),
('TSUGUMI_gkls621_DIPLO',		'TRAIT_LEADER_TSUGUMI_gkls621',		'DiplomaticActions');

INSERT INTO AiFavoredItems
(ListType,	Item,	Favored)
VALUES
('RAN_gkls621_DISTRICT',		'DISTRICT_ENCAMPMENT',	1),
('RAN_gkls621_DISTRICT',		'DISTRICT_THEATER',	1),
('RAN_gkls621_WONDER',		'BUILDING_STATUE_OF_ZEUS',	1),
('RAN_gkls621_WONDER',		'BUILDING_HANGING_GARDENS',	1),
('RAN_gkls621_UNIT',			'UNIT_FELLOW_GANG_gkls621',	1),
('RAN_gkls621_UNIT',			'UNIT_PIKEMAN',	1),
('RAN_gkls621_UNIT',			'UNIT_BUILDER',	1),
('RAN_gkls621_TECH',			'TECH_IRRIGATION',	1),
('RAN_gkls621_TECH',			'TECH_TELECOMMUNICATIONS',	0),
('RAN_gkls621_TECH',			'TECH_COMPUTERS',	0),
('RAN_gkls621_CIVIC',		'CIVIC_CRAFTSMANSHIP',	1),
('RAN_gkls621_CIVIC',		'CIVIC_HUMANISM',	1),
('RAN_gkls621_CIVIC',		'CIVIC_CULTURAL_HERITAGE',	1),
('RAN_gkls621_CIVIC',		'CIVIC_MASS_MEDIA',	0),
('RAN_gkls621_CIVIC',		'CIVIC_SOCIAL_MEDIA',	0),
('RAN_gkls621_DIPLO',		'DIPLOACTION_DECLARE_FRIENDSHIP',	1),
('RAN_gkls621_DIPLO',		'DIPLOACTION_ALLIANCE_MILITARY',	1),
('MOCA_gkls621_DISTRICT',	    'DISTRICT_CAMPUS',	1),
('MOCA_gkls621_DISTRICT',	    'DISTRICT_ENTERTAINMENT_COMPLEX',	1),
('MOCA_gkls621_DISTRICT',	    'DISTRICT_NEIGHBORHOOD',	1),
('MOCA_gkls621_WONDER',		'BUILDING_ORACLE',	1),
('MOCA_gkls621_WONDER',		'BUILDING_ANGKOR_WAT',	1),
('MOCA_gkls621_UNIT',		'UNIT_FELLOW_GANG_gkls621',	1),
('MOCA_gkls621_UNIT',		'UNIT_MISSIONARY',	1),
('MOCA_gkls621_TECH',		'TECH_ASTROLOGY',	1),
('MOCA_gkls621_TECH',		'TECH_IRRIGATION',	1),
('MOCA_gkls621_CIVIC',		'CIVIC_MYSTICISM',	1),
('MOCA_gkls621_CIVIC',		'CIVIC_RECORDED_HISTORY',	1),
('MOCA_gkls621_CIVIC',		'CIVIC_COLONIALISM',	0),
('MOCA_gkls621_DIPLO',		'DIPLOACTION_DECLARE_FRIENDSHIP',	1),
('HIMARI_gkls621_DISTRICT',	'DISTRICT_NEIGHBORHOOD',	1),
('HIMARI_gkls621_DISTRICT',	'DISTRICT_THEATER',	1),
('HIMARI_gkls621_WONDER',		'BUILDING_BOLSHOI_THEATRE',	1),
('HIMARI_gkls621_WONDER',		'BUILDING_BROADWAY',	1),
('HIMARI_gkls621_WONDER',		'BUILDING_SYDNEY_OPERA_HOUSE',	1),
('HIMARI_gkls621_UNIT',		'UNIT_FELLOW_GANG_gkls621',	1),
('HIMARI_gkls621_UNIT',		'UNIT_SETTLER',	1),
('HIMARI_gkls621_TECH',		'TECH_ARCHERY',	1),
('HIMARI_gkls621_TECH',		'TECH_SAILING',	1),
('HIMARI_gkls621_TECH',		'TECH_STIRRUPS',	1),
('HIMARI_gkls621_CIVIC',		'CIVIC_MILITARY_TRAINING',	1),
('HIMARI_gkls621_CIVIC',		'CIVIC_OPERA_BALLET',	1),
('HIMARI_gkls621_CIVIC',		'CIVIC_PROFESSIONAL_SPORTS',	1),
('HIMARI_gkls621_CIVIC',		'CIVIC_SOCIAL_MEDIA',	1),
('HIMARI_gkls621_DIPLO',		'DIPLOACTION_DECLARE_FRIENDSHIP',	1),
('HIMARI_gkls621_DIPLO',		'DIPLOACTION_DIPLOMATIC_DELEGATION',	1),
('TOMOE_gkls621_DISTRICT',			'DISTRICT_NEIGHBORHOOD',	1),
('TOMOE_gkls621_DISTRICT',			'DISTRICT_ENTERTAINMENT_COMPLEX',	1),
('TOMOE_gkls621_WONDER',			'BUILDING_COLOSSEUM',	1),
('TOMOE_gkls621_WONDER',			'BUILDING_KILWA_KISIWANI',	1),
('TOMOE_gkls621_WONDER',			'BUILDING_APADANA',	1),
('TOMOE_gkls621_UNIT',				'UNIT_FELLOW_GANG_gkls621',	1),
('TOMOE_gkls621_UNIT',				'UNIT_HORSEMAN',	1),
('TOMOE_gkls621_UNIT',				'UNIT_TAIKO_TEAM_gkls621',	1),
('TOMOE_gkls621_TECH',				'TECH_HORSEBACK_RIDING',	1),
('TOMOE_gkls621_TECH',				'TECH_SIEGE_TACTICS',	1),
('TOMOE_gkls621_CIVIC',			'CIVIC_MILITARY_TRAINING',	1),
('TOMOE_gkls621_CIVIC',			'CIVIC_GUILDS',	1),
('TOMOE_gkls621_CIVIC',			'CIVIC_URBANIZATION',	1),
('TOMOE_gkls621_DIPLO',			'DIPLOACTION_DECLARE_FRIENDSHIP',	1),
('TSUGUMI_gkls621_DISTRICT',			'DISTRICT_COMMERCIAL_HUB',	1),
('TSUGUMI_gkls621_DISTRICT',			'DISTRICT_NEIGHBORHOOD',	1),
('TSUGUMI_gkls621_WONDER',				'BUILDING_GRAND_ZIMBABWE',	1),
('TSUGUMI_gkls621_WONDER',				'BUILDING_TORRE_DE_BELEM',	1),
('TSUGUMI_gkls621_WONDER',				'BUILDING_ORSZAGHAZ',	1),
('TSUGUMI_gkls621_UNIT',				'UNIT_FELLOW_GANG_gkls621',	1),
('TSUGUMI_gkls621_UNIT',				'UNIT_TRADER',	1),
('TSUGUMI_gkls621_TECH',				'TECH_CURRENCY',	1),
('TSUGUMI_gkls621_TECH',				'TECH_BANKING',	1),
('TSUGUMI_gkls621_TECH',				'TECH_ECONOMICS',	1),
('TSUGUMI_gkls621_CIVIC',				'CIVIC_CRAFTSMANSHIP',	1),
('TSUGUMI_gkls621_CIVIC',				'CIVIC_MERCANTILISM',	1),
('TSUGUMI_gkls621_CIVIC',				'CIVIC_CAPITALISM',	0),
('TSUGUMI_gkls621_DIPLO',				'DIPLOACTION_DECLARE_FRIENDSHIP',	1),
('TSUGUMI_gkls621_DIPLO',              'DIPLOACTION_ALLIANCE_ECONOMIC',     1);

INSERT INTO LoadingInfo
(LeaderType,	            ForegroundImage,	                        BackgroundImage,	                    LeaderText,	                                PlayDawnOfManAudio)
VALUES
('LEADER_RAN_gkls621',	'IMG_LOADING_FOREGROUND_RAN_gkls621',    'IMG_DIPLOMACY_BACKGROUND_AG_gkls621',	'LOC_LOADING_INFO_LEADER_RAN_gkls621',	1),
('LEADER_MOCA_gkls621',	'IMG_LOADING_FOREGROUND_MOCA_gkls621',	    'IMG_DIPLOMACY_BACKGROUND_AG_gkls621',	'LOC_LOADING_INFO_LEADER_MOCA_gkls621',	1),
('LEADER_HIMARI_gkls621',	    'IMG_LOADING_FOREGROUND_HIMARI_gkls621',	    'IMG_DIPLOMACY_BACKGROUND_AG_gkls621',	'LOC_LOADING_INFO_LEADER_HIMARI_gkls621',	    1),
('LEADER_TOMOE_gkls621',	'IMG_LOADING_FOREGROUND_TOMOE_gkls621',	    'IMG_DIPLOMACY_BACKGROUND_AG_gkls621',	'LOC_LOADING_INFO_LEADER_TOMOE_gkls621',	1),
('LEADER_TSUGUMI_gkls621',		'IMG_LOADING_FOREGROUND_TSUGUMI_gkls621',      'IMG_DIPLOMACY_BACKGROUND_AG_gkls621',	'LOC_LOADING_INFO_LEADER_TSUGUMI_gkls621',		1);

INSERT INTO DiplomacyInfo
(Type,	                    BackgroundImage)
VALUES
('LEADER_RAN_gkls621',	'IMG_DIPLOMACY_BACKGROUND_AG_gkls621'),
('LEADER_MOCA_gkls621',	'IMG_DIPLOMACY_BACKGROUND_AG_gkls621'),
('LEADER_HIMARI_gkls621',	    'IMG_DIPLOMACY_BACKGROUND_AG_gkls621'),
('LEADER_TOMOE_gkls621',	'IMG_DIPLOMACY_BACKGROUND_AG_gkls621'),
('LEADER_TSUGUMI_gkls621',		'IMG_DIPLOMACY_BACKGROUND_AG_gkls621');