-- Ran's Agenda
INSERT INTO Types
(Type,	Kind)
VALUES
('TRAIT_AGENDA_RAN_gkls621',    'KIND_TRAIT');

INSERT INTO Traits
(TraitType)
VALUES
('TRAIT_AGENDA_RAN_gkls621');

INSERT INTO Agendas
(AgendaType,	Name,	Description)
VALUES
('AGENDA_RAN_gkls621',	'LOC_AGENDA_RAN_gkls621_NAME',	'LOC_AGENDA_RAN_gkls621_DESCRIPTION');

INSERT INTO AiListTypes
(ListType)
VALUES
('RAN_NEVER_PEACE_gkls621');

INSERT INTO AiLists
(ListType, AgendaType, System)
VALUES
('RAN_NEVER_PEACE_gkls621', 'TRAIT_AGENDA_RAN_gkls621', 'DiplomaticActions');

INSERT INTO AiFavoredItems
(ListType, Item, Favored)
VALUES
('RAN_NEVER_PEACE_gkls621', 'DIPLOACTION_MAKE_PEACE', 0);

INSERT INTO HistoricalAgendas
(LeaderType,	AgendaType)
VALUES
('LEADER_RAN_gkls621',	'AGENDA_RAN_gkls621');

INSERT INTO ExclusiveAgendas
(AgendaOne,	AgendaTwo)
VALUES
('AGENDA_RAN_gkls621',	'AGENDA_PILLAGER'),
('AGENDA_RAN_gkls621',	'AGENDA_EXPLORER'),
('AGENDA_RAN_gkls621',	'AGENDA_SYCOPHANT'),
('AGENDA_RAN_gkls621',	'AGENDA_DARWINIST');

INSERT INTO AgendaPreferredLeaders
(AgendaType,	LeaderType,	PercentageChance)
VALUES
('AGENDA_TURTLER',    'LEADER_RAN_gkls621',	50),
('AGENDA_IDEOLOGUE',  'LEADER_RAN_gkls621', 20);

INSERT INTO AgendaTraits
(AgendaType,	TraitType)
VALUES
('AGENDA_RAN_gkls621',	'TRAIT_AGENDA_RAN_gkls621');

INSERT INTO TraitModifiers
(TraitType,	ModifierId)
VALUES
('TRAIT_AGENDA_RAN_gkls621', 'AGENDA_RAN_gkls621_LOW_EXPLORATION_HIGH_CULTURE'),
('TRAIT_AGENDA_RAN_gkls621', 'AGENDA_RAN_gkls621_HIGH_EXPLORATION_LOW_CULTURE');

INSERT INTO Modifiers
(ModifierId,	ModifierType,	SubjectRequirementSetId)
VALUES
('AGENDA_RAN_gkls621_LOW_EXPLORATION_HIGH_CULTURE',   'MODIFIER_PLAYER_DIPLOMACY_SIMPLE_MODIFIER',    'REQSET_AG_RAN_KUDO_gkls621'),
('AGENDA_RAN_gkls621_HIGH_EXPLORATION_LOW_CULTURE',   'MODIFIER_PLAYER_DIPLOMACY_SIMPLE_MODIFIER',    'REQSET_AG_RAN_WARNING_gkls621');

INSERT INTO ModifierArguments
(ModifierId,	Name,	Value)
VALUES
('AGENDA_RAN_gkls621_LOW_EXPLORATION_HIGH_CULTURE',   'InitialValue',					30),
('AGENDA_RAN_gkls621_LOW_EXPLORATION_HIGH_CULTURE',   'StatementKey',					'LOC_DIPLO_KUDO_LEADER_RAN_gkls621_AGENDA_LOW_EXPLORATION_HIGH_CULTURE'),
('AGENDA_RAN_gkls621_LOW_EXPLORATION_HIGH_CULTURE',   'SimpleModifierDescription',	    'LOC_DIPLO_MODIFIER_DESCRIPTION_RAN_gkls621_AGENDA_LOW_EXPLORATION_HIGH_CULTURE'),
('AGENDA_RAN_gkls621_HIGH_EXPLORATION_LOW_CULTURE',   'InitialValue',					-5),
('AGENDA_RAN_gkls621_HIGH_EXPLORATION_LOW_CULTURE',   'StatementKey',					'LOC_DIPLO_WARNING_LEADER_RAN_gkls621_AGENDA_HIGH_EXPLORATION_LOW_CULTURE'),
('AGENDA_RAN_gkls621_HIGH_EXPLORATION_LOW_CULTURE',   'SimpleModifierDescription',	    'LOC_DIPLO_MODIFIER_DESCRIPTION_RAN_gkls621_AGENDA_HIGH_EXPLORATION_LOW_CULTURE');

INSERT INTO ModifierStrings
(ModifierId,	Context,	Text)
VALUES
('AGENDA_RAN_gkls621_LOW_EXPLORATION_HIGH_CULTURE',	'Sample',	'LOC_TOOLTIP_SAMPLE_DIPLOMACY_ALL'),
('AGENDA_RAN_gkls621_HIGH_EXPLORATION_LOW_CULTURE', 'Sample',	'LOC_TOOLTIP_SAMPLE_DIPLOMACY_ALL');

INSERT INTO RequirementSets (RequirementSetId, RequirementSetType)
VALUES
('REQSET_AG_RAN_KUDO_gkls621', 'REQUIREMENTSET_TEST_ALL'),
('REQSET_AG_RAN_WARNING_gkls621', 'REQUIREMENTSET_TEST_ALL');

INSERT INTO RequirementSetRequirements (RequirementSetId, RequirementId)
VALUES
('REQSET_AG_RAN_KUDO_gkls621', 'REQUIRES_HAS_LOW_EXPLORATION'),
('REQSET_AG_RAN_KUDO_gkls621', 'REQUIRES_HAS_HIGH_CULTURE'),
('REQSET_AG_RAN_KUDO_gkls621', 'REQUIRES_MAJOR_CIV_OPPONENT'),
('REQSET_AG_RAN_KUDO_gkls621', 'REQUIRES_MET_30_TURNS_AGO'),
('REQSET_AG_RAN_WARNING_gkls621', 'REQUIRES_HAS_HIGH_EXPLORATION'),
('REQSET_AG_RAN_WARNING_gkls621', 'REQUIRES_HAS_LOW_CULTURE'),
('REQSET_AG_RAN_WARNING_gkls621', 'REQUIRES_MAJOR_CIV_OPPONENT'),
('REQSET_AG_RAN_WARNING_gkls621', 'REQUIRES_MET_30_TURNS_AGO');