-- Himari's Unique Improvement
INSERT INTO Types
(Type,	Kind)
VALUES
('IMPROVEMENT_SUNNY_DOLL_gkls621',	'KIND_IMPROVEMENT'),
('TRAIT_IMPROVEMENT_SUNNY_DOLL_gkls621', 'KIND_TRAIT');

INSERT INTO Traits
(TraitType)
VALUES
('TRAIT_IMPROVEMENT_SUNNY_DOLL_gkls621');

INSERT INTO Improvements
(ImprovementType,	Name,	Description,	Icon,	PlunderType,	PlunderAmount,	Buildable,	PrereqCivic,	Housing,	SameAdjacentValid,	TilesRequired,	TraitType)
VALUES
('IMPROVEMENT_SUNNY_DOLL_gkls621',	'LOC_IMPROVEMENT_SUNNY_DOLL_gkls621_NAME',	'LOC_IMPROVEMENT_SUNNY_DOLL_gkls621_DESCRIPTION',	'ICON_IMPROVEMENT_SUNNY_DOLL_gkls621',
'PLUNDER_GOLD',	50,	1,	'CIVIC_STATE_WORKFORCE',	1,	1,	1,	'TRAIT_IMPROVEMENT_SUNNY_DOLL_gkls621');

INSERT INTO Improvement_Adjacencies
(ImprovementType,	YieldChangeId)
VALUES
('IMPROVEMENT_SUNNY_DOLL_gkls621',	'SUNNY_DOLL_CAMPUS_FAITH_gkls621'),
('IMPROVEMENT_SUNNY_DOLL_gkls621',	'SUNNY_DOLL_CAMPUS_PRODUCTION_gkls621'),
('IMPROVEMENT_SUNNY_DOLL_gkls621',	'SUNNY_DOLL_CAMPUS_SCIENCE_gkls621'),
('IMPROVEMENT_SUNNY_DOLL_gkls621',	'SUNNY_DOLL_THEATER_FAITH_gkls621'),
('IMPROVEMENT_SUNNY_DOLL_gkls621',	'SUNNY_DOLL_THEATER_PRODUCTION_gkls621'),
('IMPROVEMENT_SUNNY_DOLL_gkls621',	'SUNNY_DOLL_THEATER_CULTURE_gkls621'),
('IMPROVEMENT_SUNNY_DOLL_gkls621',	'SUNNY_DOLL_INDUSTRY_FAITH_gkls621'),
('IMPROVEMENT_SUNNY_DOLL_gkls621',	'SUNNY_DOLL_INDUSTRY_PRODUCTION_gkls621');

INSERT INTO District_Adjacencies
(DistrictType,  YieldChangeId)
VALUES
('DISTRICT_CAMPUS', 'CAMPUS_SUNNY_DOLL_SCIENCE_gkls621'),
('DISTRICT_THEATER', 'THEATER_SUNNY_DOLL_CULTURE_gkls621'),
('DISTRICT_INDUSTRIAL_ZONE', 'INDUSTRY_SUNNY_DOLL_PRODUCTION_gkls621');

INSERT INTO Improvement_ValidTerrains
(ImprovementType,	TerrainType)
SELECT
'IMPROVEMENT_SUNNY_DOLL_gkls621',	TerrainType
FROM Terrains WHERE TerrainType NOT LIKE 'TERRAIN_SNOW%' AND Water = 0 AND Mountain = 0;

INSERT INTO Improvement_ValidFeatures
(ImprovementType,	FeatureType)
SELECT
'IMPROVEMENT_SUNNY_DOLL_gkls621',	FeatureType
FROM Features WHERE FeatureType LIKE 'FEATURE_FLOODPLAINS%';

INSERT INTO Improvement_ValidBuildUnits
(ImprovementType,	UnitType)
VALUES
('IMPROVEMENT_SUNNY_DOLL_gkls621',	'UNIT_BUILDER');

INSERT INTO Improvement_YieldChanges
(ImprovementType,	YieldType,	YieldChange)
VALUES
('IMPROVEMENT_SUNNY_DOLL_gkls621',	'YIELD_FAITH',	1),
('IMPROVEMENT_SUNNY_DOLL_gkls621',	'YIELD_PRODUCTION',	1),
('IMPROVEMENT_SUNNY_DOLL_gkls621',	'YIELD_CULTURE',	0),
('IMPROVEMENT_SUNNY_DOLL_gkls621',	'YIELD_SCIENCE',	0);

INSERT INTO Improvement_Tourism
(ImprovementType,	TourismSource,	PrereqTech,	ScalingFactor)
VALUES
('IMPROVEMENT_SUNNY_DOLL_gkls621',	'TOURISMSOURCE_FAITH',	'TECH_FLIGHT',	100);

INSERT INTO Adjacency_YieldChanges
(ID,	Description,	YieldType,	YieldChange,	TilesRequired,	AdjacentDistrict)
VALUES
('SUNNY_DOLL_CAMPUS_FAITH_gkls621',	        'Placeholder',	'YIELD_FAITH',	    2,	1,	    'DISTRICT_CAMPUS'),
('SUNNY_DOLL_CAMPUS_PRODUCTION_gkls621',    'Placeholder',	'YIELD_PRODUCTION',	1,	1,		'DISTRICT_CAMPUS'),
('SUNNY_DOLL_CAMPUS_SCIENCE_gkls621',       'Placeholder',	'YIELD_SCIENCE',	1,	1,		'DISTRICT_CAMPUS'),
('SUNNY_DOLL_THEATER_FAITH_gkls621',	    'Placeholder',	'YIELD_FAITH',	    2,	1,	    'DISTRICT_THEATER'),
('SUNNY_DOLL_THEATER_PRODUCTION_gkls621',   'Placeholder',	'YIELD_PRODUCTION',	1,	1,		'DISTRICT_THEATER'),
('SUNNY_DOLL_THEATER_CULTURE_gkls621',      'Placeholder',	'YIELD_CULTURE',	1,	1,		'DISTRICT_THEATER'),
('SUNNY_DOLL_INDUSTRY_FAITH_gkls621',	     'Placeholder',	'YIELD_FAITH',	    2,	1,	    'DISTRICT_INDUSTRIAL_ZONE'),
('SUNNY_DOLL_INDUSTRY_PRODUCTION_gkls621',   'Placeholder',	'YIELD_PRODUCTION',	2,	1,		'DISTRICT_INDUSTRIAL_ZONE');

INSERT INTO Adjacency_YieldChanges
(ID,	Description,	YieldType,	YieldChange,	TilesRequired,	AdjacentImprovement)
VALUES
('CAMPUS_SUNNY_DOLL_SCIENCE_gkls621', 'LOC_CAMPUS_SUNNY_DOLL_SCIENCE_gkls621', 'YIELD_SCIENCE', 1, 2, 'IMPROVEMENT_SUNNY_DOLL_gkls621'),
('THEATER_SUNNY_DOLL_CULTURE_gkls621', 'LOC_THEATER_SUNNY_DOLL_CULTURE_gkls621', 'YIELD_CULTURE', 1, 2, 'IMPROVEMENT_SUNNY_DOLL_gkls621'),
('INDUSTRY_SUNNY_DOLL_PRODUCTION_gkls621', 'LOC_INDUSTRY_SUNNY_DOLL_PRODUCTION_gkls621', 'YIELD_PRODUCTION', 1, 1, 'IMPROVEMENT_SUNNY_DOLL_gkls621');