-- Himari Traits
INSERT INTO Types
(Type,  Kind)
VALUES
('TRAIT_LEADER_HIMARI_gkls621', 'KIND_TRAIT'),
('MODIFIER_AG_SINGLE_CITY_ADD_POPULATION_gkls621', 'KIND_MODIFIER');

INSERT INTO DynamicModifiers (ModifierType, EffectType, CollectionType)
VALUES
('MODIFIER_AG_SINGLE_CITY_ADD_POPULATION_gkls621', 'EFFECT_ADJUST_CITY_POPULATION', 'COLLECTION_OWNER');

INSERT INTO Traits
(TraitType,                     Name,                                   Description)
VALUES
('TRAIT_LEADER_HIMARI_gkls621', 'LOC_TRAIT_LEADER_HIMARI_gkls621_NAME', 'LOC_TRAIT_LEADER_HIMARI_gkls621_DESCRIPTION');

INSERT INTO LeaderTraits
(LeaderType,                TraitType)
VALUES
('LEADER_HIMARI_gkls621',   'TRAIT_LEADER_HIMARI_gkls621'),
('LEADER_HIMARI_gkls621',   'TRAIT_IMPROVEMENT_SUNNY_DOLL_gkls621');

INSERT INTO TraitModifiers
(TraitType, ModifierId)
VALUES
--('TRAIT_LEADER_HIMARI_gkls621', 'HIMARI_CAMPUS_ADD_POPULATION_gkls621'),
--('TRAIT_LEADER_HIMARI_gkls621', 'HIMARI_THEATER_ADD_POPULATION_gkls621'),
--('TRAIT_LEADER_HIMARI_gkls621', 'HIMARI_INDUSTRY_ADD_POPULATION_gkls621'),
--('TRAIT_LEADER_HIMARI_gkls621', 'HIMARI_CAMPUS_MIRROR_FOOD_gkls621'),
--('TRAIT_LEADER_HIMARI_gkls621', 'HIMARI_THEATER_MIRROR_FOOD_gkls621'),
('TRAIT_LEADER_HIMARI_gkls621', 'HIMARI_FARM_THEATER_ADJACENCY_gkls621'),
('TRAIT_LEADER_HIMARI_gkls621', 'HIMARI_PASTURE_THEATER_ADJACENCY_gkls621'),
('TRAIT_LEADER_HIMARI_gkls621', 'HIMARI_CAMP_THEATER_ADJACENCY_gkls621');

INSERT INTO DistrictModifiers
(DistrictType, ModifierId)
VALUES
('DISTRICT_CAMPUS', 'HIMARI_CITY_ADD_POPULATION_gkls621'),
('DISTRICT_THEATER', 'HIMARI_CITY_ADD_POPULATION_gkls621'),
('DISTRICT_INDUSTRIAL_ZONE', 'HIMARI_CITY_ADD_POPULATION_gkls621');

INSERT INTO Modifiers
(ModifierId, ModifierType, Permanent, SubjectRequirementSetId)
VALUES
--('HIMARI_CAMPUS_ADD_POPULATION_gkls621', 'MODIFIER_PLAYER_CITIES_ADD_POPULATION', 1, 'REQSET_AG_CITY_HAS_CAMPUS_gkls621'),
--('HIMARI_THEATER_ADD_POPULATION_gkls621', 'MODIFIER_PLAYER_CITIES_ADD_POPULATION', 1, 'REQSET_AG_CITY_HAS_THEATER_gkls621'),
--('HIMARI_INDUSTRY_ADD_POPULATION_gkls621', 'MODIFIER_PLAYER_CITIES_ADD_POPULATION', 1, 'REQSET_AG_CITY_HAS_INDUSTRY_gkls621'),
--('HIMARI_CAMPUS_MIRROR_FOOD_gkls621', 'MODIFIER_PLAYER_DISTRICTS_ADJUST_YIELD_BASED_ON_ADJACENCY_BONUS_BUILDER', 0, NULL),
--('HIMARI_THEATER_MIRROR_FOOD_gkls621', 'MODIFIER_PLAYER_DISTRICTS_ADJUST_YIELD_BASED_ON_ADJACENCY_BONUS_BUILDER', 0, NULL),
('HIMARI_FARM_THEATER_ADJACENCY_gkls621', 'MODIFIER_PLAYER_CITIES_IMPROVEMENT_ADJACENCY', 0, NULL),
('HIMARI_PASTURE_THEATER_ADJACENCY_gkls621', 'MODIFIER_PLAYER_CITIES_IMPROVEMENT_ADJACENCY', 0, NULL),
('HIMARI_CAMP_THEATER_ADJACENCY_gkls621', 'MODIFIER_PLAYER_CITIES_IMPROVEMENT_ADJACENCY', 0, NULL),
('HIMARI_CITY_INDUSTRY_PRODUCTION_BONUS_gkls621', 'MODIFIER_CITY_DISTRICTS_ADJUST_YIELD_MODIFIER', 1, 'DISTRICT_IS_INDUSTRIAL_ZONE'),
('HIMARI_CITY_INDUSTRY_GOLD_BONUS_gkls621', 'MODIFIER_CITY_DISTRICTS_ADJUST_YIELD_MODIFIER', 1, 'DISTRICT_IS_INDUSTRIAL_ZONE'),
('HIMARI_CITY_INDUSTRY_FAITH_BONUS_gkls621', 'MODIFIER_CITY_DISTRICTS_ADJUST_YIELD_MODIFIER', 1, 'DISTRICT_IS_INDUSTRIAL_ZONE'),
('HIMARI_CITY_INDUSTRY_SCIENCE_BONUS_gkls621', 'MODIFIER_CITY_DISTRICTS_ADJUST_YIELD_MODIFIER', 1, 'DISTRICT_IS_INDUSTRIAL_ZONE'),
('HIMARI_CITY_INDUSTRY_CULTURE_BONUS_gkls621', 'MODIFIER_CITY_DISTRICTS_ADJUST_YIELD_MODIFIER', 1, 'DISTRICT_IS_INDUSTRIAL_ZONE'),
('HIMARI_CITY_INDUSTRY_FOOD_BONUS_gkls621', 'MODIFIER_CITY_DISTRICTS_ADJUST_YIELD_MODIFIER', 1, 'DISTRICT_IS_INDUSTRIAL_ZONE'),
('HIMARI_CITY_ADD_POPULATION_gkls621', 'MODIFIER_AG_SINGLE_CITY_ADD_POPULATION_gkls621', 1, 'REQSET_AG_PLAYER_IS_HIMARI_gkls621');

INSERT INTO  ModifierArguments
(ModifierId, Name, Value)
VALUES
--('HIMARI_CAMPUS_ADD_POPULATION_gkls621', 'Amount', 1),
--('HIMARI_THEATER_ADD_POPULATION_gkls621', 'Amount', 1),
--('HIMARI_INDUSTRY_ADD_POPULATION_gkls621', 'Amount', 1),
--('HIMARI_CAMPUS_MIRROR_FOOD_gkls621', 'DistrictType', 'DISTRICT_CAMPUS'),
--('HIMARI_CAMPUS_MIRROR_FOOD_gkls621', 'YieldTypeToGrant', 'YIELD_SCIENCE'),
--('HIMARI_CAMPUS_MIRROR_FOOD_gkls621', 'YieldTypeToMirror', 'YIELD_FOOD'),
--('HIMARI_THEATER_MIRROR_FOOD_gkls621', 'DistrictType', 'DISTRICT_THEATER'),
--('HIMARI_THEATER_MIRROR_FOOD_gkls621', 'YieldTypeToGrant', 'YIELD_CULTURE'),
--('HIMARI_THEATER_MIRROR_FOOD_gkls621', 'YieldTypeToMirror', 'YIELD_FOOD'),
('HIMARI_FARM_THEATER_ADJACENCY_gkls621', 'Amount', '1'),
('HIMARI_FARM_THEATER_ADJACENCY_gkls621', 'Description', 'LOC_HIMARI_FARM_THEATER_ADJACENCY_gkls621_DESCRIPTION'),
('HIMARI_FARM_THEATER_ADJACENCY_gkls621', 'DistrictType', 'DISTRICT_THEATER'),
('HIMARI_FARM_THEATER_ADJACENCY_gkls621', 'ImprovementType', 'IMPROVEMENT_FARM'),
('HIMARI_FARM_THEATER_ADJACENCY_gkls621', 'TilesRequired', '1'),
('HIMARI_FARM_THEATER_ADJACENCY_gkls621', 'YieldType', 'YIELD_CULTURE'),
('HIMARI_PASTURE_THEATER_ADJACENCY_gkls621', 'Amount', '1'),
('HIMARI_PASTURE_THEATER_ADJACENCY_gkls621', 'Description', 'LOC_HIMARI_PASTURE_THEATER_ADJACENCY_gkls621_DESCRIPTION'),
('HIMARI_PASTURE_THEATER_ADJACENCY_gkls621', 'DistrictType', 'DISTRICT_THEATER'),
('HIMARI_PASTURE_THEATER_ADJACENCY_gkls621', 'ImprovementType', 'IMPROVEMENT_PASTURE'),
('HIMARI_PASTURE_THEATER_ADJACENCY_gkls621', 'TilesRequired', '1'),
('HIMARI_PASTURE_THEATER_ADJACENCY_gkls621', 'YieldType', 'YIELD_CULTURE'),
('HIMARI_CAMP_THEATER_ADJACENCY_gkls621', 'Amount', '1'),
('HIMARI_CAMP_THEATER_ADJACENCY_gkls621', 'Description', 'LOC_HIMARI_CAMP_THEATER_ADJACENCY_gkls621_DESCRIPTION'),
('HIMARI_CAMP_THEATER_ADJACENCY_gkls621', 'DistrictType', 'DISTRICT_THEATER'),
('HIMARI_CAMP_THEATER_ADJACENCY_gkls621', 'ImprovementType', 'IMPROVEMENT_CAMP'),
('HIMARI_CAMP_THEATER_ADJACENCY_gkls621', 'TilesRequired', '1'),
('HIMARI_CAMP_THEATER_ADJACENCY_gkls621', 'YieldType', 'YIELD_CULTURE'),
('HIMARI_CITY_INDUSTRY_PRODUCTION_BONUS_gkls621', 'YieldType', 'YIELD_PRODUCTION'),
('HIMARI_CITY_INDUSTRY_PRODUCTION_BONUS_gkls621', 'Amount', 100),
('HIMARI_CITY_INDUSTRY_GOLD_BONUS_gkls621', 'YieldType', 'YIELD_GOLD'),
('HIMARI_CITY_INDUSTRY_GOLD_BONUS_gkls621', 'Amount', 100),
('HIMARI_CITY_INDUSTRY_FAITH_BONUS_gkls621', 'YieldType', 'YIELD_FAITH'),
('HIMARI_CITY_INDUSTRY_FAITH_BONUS_gkls621', 'Amount', 100),
('HIMARI_CITY_INDUSTRY_SCIENCE_BONUS_gkls621', 'YieldType', 'YIELD_SCIENCE'),
('HIMARI_CITY_INDUSTRY_SCIENCE_BONUS_gkls621', 'Amount', 100),
('HIMARI_CITY_INDUSTRY_CULTURE_BONUS_gkls621', 'YieldType', 'YIELD_CULTURE'),
('HIMARI_CITY_INDUSTRY_CULTURE_BONUS_gkls621', 'Amount', 100),
('HIMARI_CITY_INDUSTRY_FOOD_BONUS_gkls621', 'YieldType', 'YIELD_FOOD'),
('HIMARI_CITY_INDUSTRY_FOOD_BONUS_gkls621', 'Amount', 100),
('HIMARI_CITY_ADD_POPULATION_gkls621', 'Amount', 1);

/*INSERT INTO RequirementSets (RequirementSetId, RequirementSetType)
VALUES
('REQSET_AG_CITY_HAS_CAMPUS_gkls621', 'REQUIREMENTSET_TEST_ALL'),
('REQSET_AG_CITY_HAS_THEATER_gkls621', 'REQUIREMENTSET_TEST_ALL'),
('REQSET_AG_CITY_HAS_INDUSTRY_gkls621', 'REQUIREMENTSET_TEST_ALL');

INSERT INTO RequirementSetRequirements (RequirementSetId, RequirementId)
VALUES
('REQSET_AG_CITY_HAS_CAMPUS_gkls621', 'AG_CITY_HAS_CAMPUS_gkls621'),
('REQSET_AG_CITY_HAS_THEATER_gkls621', 'AG_CITY_HAS_THEATER_gkls621'),
('REQSET_AG_CITY_HAS_INDUSTRY_gkls621', 'AG_CITY_HAS_INDUSTRY_gkls621');

INSERT INTO Requirements (RequirementId, RequirementType)
VALUES
('AG_CITY_HAS_CAMPUS_gkls621', 'REQUIREMENT_CITY_HAS_DISTRICT'),
('AG_CITY_HAS_THEATER_gkls621', 'REQUIREMENT_CITY_HAS_DISTRICT'),
('AG_CITY_HAS_INDUSTRY_gkls621', 'REQUIREMENT_CITY_HAS_DISTRICT');

INSERT INTO RequirementArguments (RequirementId, Name, Value)
VALUES
('AG_CITY_HAS_CAMPUS_gkls621', 'DistrictType', 'DISTRICT_CAMPUS'),
('AG_CITY_HAS_CAMPUS_gkls621', 'MustBeFunctioning', '0'),
('AG_CITY_HAS_THEATER_gkls621', 'DistrictType', 'DISTRICT_CAMPUS'),
('AG_CITY_HAS_THEATER_gkls621', 'MustBeFunctioning', '0'),
('AG_CITY_HAS_INDUSTRY_gkls621', 'DistrictType', 'DISTRICT_INDUSTRIAL_ZONE'),
('AG_CITY_HAS_INDUSTRY_gkls621', 'MustBeFunctioning', '0');*/

-- Trait Related to Emergencies
INSERT INTO EmergencyRewards
(EmergencyType, ModifierID, OnSuccess, FirstPlace)
SELECT DISTINCT
EmergencyType, 'HIMARI_EMERGENCY_GRANT_ENGINEER_gkls621', 1, 1
FROM EmergencyRewards WHERE OnSuccess = 1
UNION SELECT DISTINCT
EmergencyType, 'HIMARI_HOSTILE_EMERGENCY_GRANT_ENGINEER_gkls621', 0, 1
FROM EmergencyRewards WHERE OnSuccess = 0;

INSERT INTO Modifiers
(ModifierId, ModifierType, SubjectRequirementSetId)
VALUES
('HIMARI_EMERGENCY_GRANT_ENGINEER_gkls621', 'MODIFIER_EMERGENCY_CAPITAL_CITIES_GRANT_GREAT_PERSON_CLASS_IN_CITY', 'REQSET_AG_HIMARI_IN_EMERGENCY_gkls621'),
('HIMARI_HOSTILE_EMERGENCY_GRANT_ENGINEER_gkls621', 'MODIFIER_EMERGENCY_CAPITAL_CITIES_GRANT_GREAT_PERSON_CLASS_IN_CITY', 'REQSET_AG_HIMARI_EMERGENCY_TARGET_gkls621');

INSERT INTO ModifierArguments
(ModifierId, Name, Value)
VALUES
('HIMARI_EMERGENCY_GRANT_ENGINEER_gkls621',  'Amount',   1),
('HIMARI_EMERGENCY_GRANT_ENGINEER_gkls621',  'GreatPersonClassType',   'GREAT_PERSON_CLASS_ENGINEER'),
('HIMARI_HOSTILE_EMERGENCY_GRANT_ENGINEER_gkls621',  'Amount',   1),
('HIMARI_HOSTILE_EMERGENCY_GRANT_ENGINEER_gkls621',  'GreatPersonClassType',   'GREAT_PERSON_CLASS_ENGINEER');

INSERT INTO RequirementSets (RequirementSetId, RequirementSetType)
VALUES
('REQSET_AG_PLAYER_IS_HIMARI_gkls621', 'REQUIREMENTSET_TEST_ALL'),
('REQSET_AG_HIMARI_IN_EMERGENCY_gkls621', 'REQUIREMENTSET_TEST_ALL'),
('REQSET_AG_HIMARI_EMERGENCY_TARGET_gkls621', 'REQUIREMENTSET_TEST_ALL');

INSERT INTO RequirementSetRequirements (RequirementSetId, RequirementId)
VALUES
('REQSET_AG_PLAYER_IS_HIMARI_gkls621', 'AG_PLAYER_IS_HIMARI_gkls621'),
('REQSET_AG_HIMARI_IN_EMERGENCY_gkls621', 'AG_PLAYER_IS_HIMARI_gkls621'),
('REQSET_AG_HIMARI_IN_EMERGENCY_gkls621', 'REQUIRES_PLAYER_IS_EMERGENCY_MEMBER'),
('REQSET_AG_HIMARI_EMERGENCY_TARGET_gkls621', 'AG_PLAYER_IS_HIMARI_gkls621'),
('REQSET_AG_HIMARI_EMERGENCY_TARGET_gkls621', 'REQUIRES_PLAYER_IS_EMERGENCY_TARGET');

INSERT INTO Requirements (RequirementId, RequirementType)
VALUES
('AG_PLAYER_IS_HIMARI_gkls621', 'REQUIREMENT_PLAYER_LEADER_TYPE_MATCHES');

INSERT INTO RequirementArguments (RequirementId, Name, Value)
VALUES
('AG_PLAYER_IS_HIMARI_gkls621', 'LeaderType', 'LEADER_HIMARI_gkls621');