-- Himari's Agenda
INSERT INTO Types
(Type,	Kind)
VALUES
('TRAIT_AGENDA_HIMARI_gkls621',    'KIND_TRAIT');

INSERT INTO Traits
(TraitType)
VALUES
('TRAIT_AGENDA_HIMARI_gkls621');

INSERT INTO Agendas
(AgendaType,	Name,	Description)
VALUES
('AGENDA_HIMARI_gkls621',	'LOC_AGENDA_HIMARI_gkls621_NAME',	'LOC_AGENDA_HIMARI_gkls621_DESCRIPTION');

INSERT INTO AiListTypes
(ListType)
VALUES
('HIMARI_PSEUDOYIELD_gkls621'),
('HIMARI_YIELD_gkls621');

INSERT INTO AiLists
(ListType, AgendaType, System)
VALUES
('HIMARI_PSEUDOYIELD_gkls621', 'TRAIT_AGENDA_HIMARI_gkls621', 'PseudoYields'),
('HIMARI_YIELD_gkls621', 'TRAIT_AGENDA_HIMARI_gkls621', 'Yields');

INSERT INTO AiFavoredItems
(ListType, Item, Value)
VALUES
('HIMARI_PSEUDOYIELD_gkls621', 'PSEUDOYIELD_DIPLOMATIC_FAVOR', 80),
('HIMARI_PSEUDOYIELD_gkls621', 'PSEUDOYIELD_CITY_POPULATION',  0),
('HIMARI_YIELD_gkls621', 'YIELD_FOOD', 80);

INSERT INTO HistoricalAgendas
(LeaderType,	AgendaType)
VALUES
('LEADER_HIMARI_gkls621',	'AGENDA_HIMARI_gkls621');

INSERT INTO ExclusiveAgendas
(AgendaOne,	AgendaTwo)
VALUES
('AGENDA_HIMARI_gkls621',	'AGENDA_IDEOLOGUE'),
('AGENDA_HIMARI_gkls621',	'AGENDA_SYCOPHANT'),
('AGENDA_HIMARI_gkls621',	'AGENDA_DARWINIST'),
('AGENDA_HIMARI_gkls621',	'AGENDA_DEMAGOGUE'),
('AGENDA_HIMARI_gkls621',	'AGENDA_POPULOUS');

INSERT INTO AgendaPreferredLeaders
(AgendaType,	LeaderType,	PercentageChance)
VALUES
('AGENDA_EXPLORER',  'LEADER_HIMARI_gkls621',	30),
('AGENDA_GOSSIP',    'LEADER_HIMARI_gkls621',	50);

INSERT INTO AgendaTraits
(AgendaType,	TraitType)
VALUES
('AGENDA_HIMARI_gkls621',	'TRAIT_AGENDA_HIMARI_gkls621');

INSERT INTO TraitModifiers
(TraitType,	ModifierId)
VALUES
('TRAIT_AGENDA_HIMARI_gkls621', 'AGENDA_HIMARI_gkls621_HIGH_FAVOR'),
('TRAIT_AGENDA_HIMARI_gkls621', 'AGENDA_HIMARI_gkls621_LOW_FAVOR');

INSERT INTO Modifiers
(ModifierId,	ModifierType,	SubjectRequirementSetId)
VALUES
('AGENDA_HIMARI_gkls621_HIGH_FAVOR',   'MODIFIER_PLAYER_DIPLOMACY_SIMPLE_MODIFIER',   'PLAYER_HAS_HIGH_FAVOR'),
('AGENDA_HIMARI_gkls621_LOW_FAVOR',   'MODIFIER_PLAYER_DIPLOMACY_SIMPLE_MODIFIER',    'PLAYER_HAS_LOW_FAVOR');

INSERT INTO ModifierArguments
(ModifierId,	Name,	Value)
VALUES
('AGENDA_HIMARI_gkls621_HIGH_FAVOR',   'InitialValue',					10),
('AGENDA_HIMARI_gkls621_HIGH_FAVOR',   'StatementKey',					'LOC_DIPLO_KUDO_LEADER_HIMARI_gkls621_AGENDA_HIGH_FAVOR'),
('AGENDA_HIMARI_gkls621_HIGH_FAVOR',   'SimpleModifierDescription',	    'LOC_DIPLO_MODIFIER_DESCRIPTION_HIMARI_gkls621_AGENDA_HIGH_FAVOR'),
('AGENDA_HIMARI_gkls621_LOW_FAVOR',   'InitialValue',					-2),
('AGENDA_HIMARI_gkls621_LOW_FAVOR',   'StatementKey',					'LOC_DIPLO_WARNING_LEADER_HIMARI_gkls621_AGENDA_LOW_FAVOR'),
('AGENDA_HIMARI_gkls621_LOW_FAVOR',   'SimpleModifierDescription',	    'LOC_DIPLO_MODIFIER_DESCRIPTION_HIMARI_gkls621_AGENDA_LOW_FAVOR');

INSERT INTO ModifierStrings
(ModifierId,	Context,	Text)
VALUES
('AGENDA_HIMARI_gkls621_HIGH_FAVOR',	'Sample',	'LOC_TOOLTIP_SAMPLE_DIPLOMACY_ALL'),
('AGENDA_HIMARI_gkls621_LOW_FAVOR', 'Sample',	'LOC_TOOLTIP_SAMPLE_DIPLOMACY_ALL');