-- Moca's Agenda
INSERT INTO Types
(Type,	Kind)
VALUES
('TRAIT_AGENDA_MOCA_gkls621',    'KIND_TRAIT');

INSERT INTO Traits
(TraitType)
VALUES
('TRAIT_AGENDA_MOCA_gkls621');

INSERT INTO Agendas
(AgendaType,	Name,	Description)
VALUES
('AGENDA_MOCA_gkls621',	'LOC_AGENDA_MOCA_gkls621_NAME',	'LOC_AGENDA_MOCA_gkls621_DESCRIPTION');

INSERT INTO AiListTypes
(ListType)
VALUES
('MOCA_YIELD_PREFERENCE_gkls621');

INSERT INTO AiLists
(ListType, AgendaType, System)
VALUES
('MOCA_YIELD_PREFERENCE_gkls621', 'TRAIT_AGENDA_MOCA_gkls621', 'Yields');

INSERT INTO AiFavoredItems
(ListType, Item, Value)
VALUES
('MOCA_YIELD_PREFERENCE_gkls621', 'YIELD_GOLD', 30),
('MOCA_YIELD_PREFERENCE_gkls621', 'YIELD_FOOD', 50);

INSERT INTO HistoricalAgendas
(LeaderType,	AgendaType)
VALUES
('LEADER_MOCA_gkls621',	'AGENDA_MOCA_gkls621');

INSERT INTO ExclusiveAgendas
(AgendaOne,	AgendaTwo)
VALUES
('AGENDA_MOCA_gkls621',	'AGENDA_TECHNOPHILE'),
('AGENDA_MOCA_gkls621',	'AGENDA_CULTURED'),
('AGENDA_MOCA_gkls621',	'AGENDA_MONEY_GRUBBER'),
('AGENDA_MOCA_gkls621',	'AGENDA_IDEOLOGUE'),
('AGENDA_MOCA_gkls621',	'AGENDA_SYCOPHANT'),
('AGENDA_MOCA_gkls621',	'AGENDA_DARWINIST'),
('AGENDA_MOCA_gkls621',	'AGENDA_LIBERTARIAN');

INSERT INTO AgendaPreferredLeaders
(AgendaType,	LeaderType,	PercentageChance)
VALUES
('AGENDA_SYMPATHIZER',  'LEADER_MOCA_gkls621',	50),
('AGENDA_DEMAGOGUE',    'LEADER_MOCA_gkls621',  30);

INSERT INTO AgendaTraits
(AgendaType,	TraitType)
VALUES
('AGENDA_MOCA_gkls621',	'TRAIT_AGENDA_MOCA_gkls621');

INSERT INTO TraitModifiers
(TraitType,	ModifierId)
VALUES
('TRAIT_AGENDA_MOCA_gkls621', 'AGENDA_MOCA_gkls621_HIGH_SCIENCE_CULTURE_PEACE'),
('TRAIT_AGENDA_MOCA_gkls621', 'AGENDA_MOCA_gkls621_HIGH_SCIENCE_CULTURE_WARMONGER');

INSERT INTO Modifiers
(ModifierId,	ModifierType,	SubjectRequirementSetId)
VALUES
('AGENDA_MOCA_gkls621_HIGH_SCIENCE_CULTURE_PEACE',   'MODIFIER_PLAYER_DIPLOMACY_SIMPLE_MODIFIER',    'REQSET_AG_MOCA_KUDO_gkls621'),
('AGENDA_MOCA_gkls621_HIGH_SCIENCE_CULTURE_WARMONGER',   'MODIFIER_PLAYER_DIPLOMACY_SIMPLE_MODIFIER',    'REQSET_AG_MOCA_WARNING_gkls621');

INSERT INTO ModifierArguments
(ModifierId,	Name,	Value)
VALUES
('AGENDA_MOCA_gkls621_HIGH_SCIENCE_CULTURE_PEACE',   'InitialValue',					8),
('AGENDA_MOCA_gkls621_HIGH_SCIENCE_CULTURE_PEACE',   'StatementKey',					'LOC_DIPLO_KUDO_LEADER_MOCA_gkls621_AGENDA_HIGH_SCIENCE_CULTURE_PEACE'),
('AGENDA_MOCA_gkls621_HIGH_SCIENCE_CULTURE_PEACE',   'SimpleModifierDescription',	    'LOC_DIPLO_MODIFIER_DESCRIPTION_MOCA_gkls621_AGENDA_HIGH_SCIENCE_CULTURE_PEACE'),
('AGENDA_MOCA_gkls621_HIGH_SCIENCE_CULTURE_WARMONGER',   'InitialValue',				-2),
('AGENDA_MOCA_gkls621_HIGH_SCIENCE_CULTURE_WARMONGER',   'StatementKey',				'LOC_DIPLO_WARNING_LEADER_MOCA_gkls621_AGENDA_HIGH_SCIENCE_CULTURE_WARMONGER'),
('AGENDA_MOCA_gkls621_HIGH_SCIENCE_CULTURE_WARMONGER',   'SimpleModifierDescription',	'LOC_DIPLO_MODIFIER_DESCRIPTION_MOCA_gkls621_AGENDA_HIGH_SCIENCE_CULTURE_WARMONGER');

INSERT INTO ModifierStrings
(ModifierId,	Context,	Text)
VALUES
('AGENDA_MOCA_gkls621_HIGH_SCIENCE_CULTURE_PEACE',	'Sample',	'LOC_TOOLTIP_SAMPLE_DIPLOMACY_ALL'),
('AGENDA_MOCA_gkls621_HIGH_SCIENCE_CULTURE_WARMONGER', 'Sample',	'LOC_TOOLTIP_SAMPLE_DIPLOMACY_ALL');

INSERT INTO RequirementSets (RequirementSetId, RequirementSetType)
VALUES
('REQSET_AG_MOCA_KUDO_gkls621', 'REQUIREMENTSET_TEST_ALL'),
('REQSET_AG_MOCA_WARNING_gkls621', 'REQUIREMENTSET_TEST_ALL');

INSERT INTO RequirementSetRequirements (RequirementSetId, RequirementId)
VALUES
('REQSET_AG_MOCA_KUDO_gkls621', 'REQUIRES_HAS_HIGH_SCIENCE'),
('REQSET_AG_MOCA_KUDO_gkls621', 'REQUIRES_HAS_HIGH_CULTURE'),
('REQSET_AG_MOCA_KUDO_gkls621', 'REQUIRES_NOT_WARMONGER_SUBJECT'),
('REQSET_AG_MOCA_KUDO_gkls621', 'REQUIRES_MAJOR_CIV_OPPONENT'),
('REQSET_AG_MOCA_KUDO_gkls621', 'REQUIRES_MET_30_TURNS_AGO'),
('REQSET_AG_MOCA_WARNING_gkls621', 'REQUIRES_HAS_LOW_SCIENCE'),
('REQSET_AG_MOCA_WARNING_gkls621', 'REQUIRES_HAS_LOW_CULTURE'),
('REQSET_AG_MOCA_WARNING_gkls621', 'REQUIRES_WARMONGER_TRIGGER'),
('REQSET_AG_MOCA_WARNING_gkls621', 'REQUIRES_MAJOR_CIV_OPPONENT'),
('REQSET_AG_MOCA_WARNING_gkls621', 'REQUIRES_MET_30_TURNS_AGO');