-- Moca's Improvement-disguise District
-- Acknowledgement: Phantagonist's Louvre
INSERT INTO Types
(Type,	Kind)
VALUES
('IMPROVEMENT_MOCA_GOV_gkls621',    'KIND_IMPROVEMENT'),
('IMPROVEMENT_MOCA_DIP_gkls621',	'KIND_IMPROVEMENT');

INSERT INTO Improvements
(ImprovementType,					
Name,										
PrereqTech,		
Buildable,	
Description,									
PlunderType,		
PlunderAmount,	
Icon,									
TraitType,	
Housing,
Appeal,	
TilesRequired,	
SameAdjacentValid,	
Workable,
CanBuildOutsideTerritory,
RequiresRiver,
OnePerCity,
DefenseModifier,
GrantFortification,
Goody,
Capturable)
VALUES
('IMPROVEMENT_MOCA_GOV_gkls621',
'LOC_IMPROVEMENT_MOCA_GOV_gkls621_NAME',
NULL,
1,
'LOC_IMPROVEMENT_MOCA_GOV_gkls621_DESCRIPTION',
'NO_PLUNDER',
0,
'ICON_IMPROVEMENT_MOCA_GOV_gkls621',
'TRAIT_CIVILIZATION_NO_PLAYER',
0,
0,
1,
0,
0,
0,
0,
1,
0,
0,
1,
0),
('IMPROVEMENT_MOCA_DIP_gkls621',
'LOC_IMPROVEMENT_MOCA_DIP_gkls621_NAME',
NULL,
1,
'LOC_IMPROVEMENT_MOCA_DIP_gkls621_DESCRIPTION',
'NO_PLUNDER',
0,
'ICON_IMPROVEMENT_MOCA_DIP_gkls621',
'TRAIT_CIVILIZATION_NO_PLAYER',
0,
0,
1,
0,
0,
0,
0,
1,
0,
0,
1,
0);

INSERT INTO Improvement_ValidBuildUnits
(ImprovementType,   UnitType)
VALUES
('IMPROVEMENT_MOCA_GOV_gkls621',    'UNIT_BUILDER'),
('IMPROVEMENT_MOCA_DIP_gkls621',    'UNIT_BUILDER');

INSERT INTO Improvement_ValidTerrains
(ImprovementType,   TerrainType	)
VALUES
('IMPROVEMENT_MOCA_GOV_gkls621',	'TERRAIN_GRASS'),
('IMPROVEMENT_MOCA_GOV_gkls621',	'TERRAIN_PLAINS'),
('IMPROVEMENT_MOCA_GOV_gkls621',	'TERRAIN_DESERT'),
('IMPROVEMENT_MOCA_GOV_gkls621',	'TERRAIN_TUNDRA'),
('IMPROVEMENT_MOCA_GOV_gkls621',	'TERRAIN_SNOW'),
('IMPROVEMENT_MOCA_GOV_gkls621',	'TERRAIN_GRASS_HILLS'),
('IMPROVEMENT_MOCA_GOV_gkls621',	'TERRAIN_PLAINS_HILLS'),
('IMPROVEMENT_MOCA_GOV_gkls621',	'TERRAIN_DESERT_HILLS'),
('IMPROVEMENT_MOCA_GOV_gkls621',	'TERRAIN_TUNDRA_HILLS'),
('IMPROVEMENT_MOCA_GOV_gkls621',	'TERRAIN_SNOW_HILLS'),
('IMPROVEMENT_MOCA_DIP_gkls621',	'TERRAIN_GRASS'),
('IMPROVEMENT_MOCA_DIP_gkls621',	'TERRAIN_PLAINS'),
('IMPROVEMENT_MOCA_DIP_gkls621',	'TERRAIN_DESERT'),
('IMPROVEMENT_MOCA_DIP_gkls621',	'TERRAIN_TUNDRA'),
('IMPROVEMENT_MOCA_DIP_gkls621',	'TERRAIN_SNOW'),
('IMPROVEMENT_MOCA_DIP_gkls621',	'TERRAIN_GRASS_HILLS'),
('IMPROVEMENT_MOCA_DIP_gkls621',	'TERRAIN_PLAINS_HILLS'),
('IMPROVEMENT_MOCA_DIP_gkls621',	'TERRAIN_DESERT_HILLS'),
('IMPROVEMENT_MOCA_DIP_gkls621',	'TERRAIN_TUNDRA_HILLS'),
('IMPROVEMENT_MOCA_DIP_gkls621',	'TERRAIN_SNOW_HILLS');

INSERT INTO Improvement_ValidFeatures
(ImprovementType,   FeatureType)
VALUES
('IMPROVEMENT_MOCA_GOV_gkls621',	'FEATURE_FLOODPLAINS'),
('IMPROVEMENT_MOCA_GOV_gkls621',	'FEATURE_FLOODPLAINS_GRASSLAND'),
('IMPROVEMENT_MOCA_GOV_gkls621',	'FEATURE_FLOODPLAINS_PLAINS'),
('IMPROVEMENT_MOCA_GOV_gkls621',	'FEATURE_VOLCANIC_SOIL'),
('IMPROVEMENT_MOCA_DIP_gkls621',	'FEATURE_FLOODPLAINS'),
('IMPROVEMENT_MOCA_DIP_gkls621',	'FEATURE_FLOODPLAINS_GRASSLAND'),
('IMPROVEMENT_MOCA_DIP_gkls621',	'FEATURE_FLOODPLAINS_PLAINS'),
('IMPROVEMENT_MOCA_DIP_gkls621',	'FEATURE_VOLCANIC_SOIL');