INSERT INTO Types
(Type, Kind)
VALUES
('GREAT_PERSON_CLASS_BABANBO_gkls621', 'KIND_GREAT_PERSON_CLASS'),
('GREAT_PERSON_INDIVIDUAL_BABANBO_gkls621', 'KIND_GREAT_PERSON_INDIVIDUAL'),
('UNIT_BABANBO_gkls621',    'KIND_UNIT'),
('TRAIT_UNIT_BABANBO_gkls621',    'KIND_TRAIT'),
('ABILITY_BABANBO_gkls621', 'KIND_ABILITY'),
('ABILITY_BABANBO_EXP_gkls621', 'KIND_ABILITY'),
('ABILITY_REMEDY_UNITS_NO_REDUCTION_DAMAGE_gkls621',      'KIND_ABILITY'),
('ABILITY_REMEDY_UNITS_HEAL_FROM_COMBAT_gkls621',         'KIND_ABILITY'),
('ABILITY_GOUGOKU_UNIT_PROPHET_POINT_FROM_KILL_gkls621',  'KIND_ABILITY'),
('ABILITY_GOUGOKU_UNIT_MUSICIAN_POINT_FROM_KILL_gkls621', 'KIND_ABILITY'),
('ABILITY_TRANSFAT_UNITS_MOUNTAIN_GOLD_gkls621',          'KIND_ABILITY'),
('PROMOTION_CLASS_BABANBO_gkls621',   'KIND_PROMOTION_CLASS'),
('PROMOTION_REMEDY_gkls621', 'KIND_PROMOTION'),
('PROMOTION_VOUCHER_gkls621', 'KIND_PROMOTION'),
('PROMOTION_MELONPAN_gkls621', 'KIND_PROMOTION'),
('PROMOTION_GOUKOKU_gkls621', 'KIND_PROMOTION'),
('PROMOTION_QUICKTONGUE_gkls621', 'KIND_PROMOTION'),
('PROMOTION_TRANSFAT_gkls621', 'KIND_PROMOTION'),
('PROMOTION_USUAL_gkls621', 'KIND_PROMOTION');

INSERT INTO Tags
(Tag,   Vocabulary)
VALUES
('CLASS_BABANBO_gkls621',   'ABILITY_CLASS');

INSERT INTO TypeTags
(Type, Tag)
VALUES
('UNIT_BABANBO_gkls621',                                  'CLASS_BABANBO_gkls621'),
('UNIT_BABANBO_gkls621',                                  'CLASS_MELEE'),
('ABILITY_BABANBO_gkls621',                               'CLASS_BABANBO_gkls621'),
('ABILITY_IGNORE_ZOC',                                    'CLASS_BABANBO_gkls621'),
('ABILITY_IGNORE_TERRAIN_COST',                           'CLASS_BABANBO_gkls621'),
('ABILITY_IGNORE_CROSSING_RIVERS_COST',                   'CLASS_BABANBO_gkls621'),
('ABILITY_BABANBO_EXP_gkls621',                           'CLASS_ALL_COMBAT_UNITS'),
('ABILITY_REMEDY_UNITS_NO_REDUCTION_DAMAGE_gkls621',      'CLASS_ALL_COMBAT_UNITS'),
('ABILITY_REMEDY_UNITS_HEAL_FROM_COMBAT_gkls621',         'CLASS_ALL_COMBAT_UNITS'),
('ABILITY_GOUGOKU_UNIT_PROPHET_POINT_FROM_KILL_gkls621',  'CLASS_ALL_COMBAT_UNITS'),
('ABILITY_GOUGOKU_UNIT_MUSICIAN_POINT_FROM_KILL_gkls621', 'CLASS_ALL_COMBAT_UNITS'),
('ABILITY_TRANSFAT_UNITS_MOUNTAIN_GOLD_gkls621',          'CLASS_ALL_COMBAT_UNITS');

INSERT INTO UnitAiInfos
(UnitType,  AiType)
VALUES
('UNIT_BABANBO_gkls621',    'UNITAI_COMBAT'),
('UNIT_BABANBO_gkls621',    'UNITAI_EXPLORE'),
('UNIT_BABANBO_gkls621',    'UNITTYPE_MELEE'),
('UNIT_BABANBO_gkls621',    'UNITTYPE_LAND_COMBAT');

INSERT INTO GreatPersonClasses
(GreatPersonClassType,
Name,
UnitType,
DistrictType,
PseudoYieldType,
IconString,
ActionIcon,
AvailableInTimeline)
VALUES
('GREAT_PERSON_CLASS_BABANBO_gkls621',
'LOC_GREAT_PERSON_CLASS_BABANBO_gkls621_NAME',
'UNIT_BABANBO_gkls621',
'DISTRICT_CITY_CENTER',
'PSEUDOYIELD_GPP_GENERAL',
'[ICON_GreatGeneral]',
'ICON_UNITOPERATION_GENERAL_ACTION',
0);

INSERT INTO GreatPersonIndividuals
(GreatPersonIndividualType,
Name,
GreatPersonClassType,
EraType,
ActionCharges,
Gender,
ActionEffectTileHighlighting,
AreaHighlightRadius)
VALUES
('GREAT_PERSON_INDIVIDUAL_BABANBO_gkls621',
'LOC_GREAT_PERSON_INDIVIDUAL_BABANBO_gkls621_NAME',
'GREAT_PERSON_CLASS_BABANBO_gkls621',
'ERA_ANCIENT',
0,
'M',
0,
3);

INSERT INTO Traits
(TraitType)
VALUES
('TRAIT_UNIT_BABANBO_gkls621');

INSERT INTO Units
(UnitType,
Name, 
Description, 
Cost,
Combat,
BaseMoves,
BaseSightRange,
BuildCharges,
ZoneOfControl,
Domain,
FormationClass,
PromotionClass,
CanTrain,
InitialLevel,
TraitType)
VALUES
('UNIT_BABANBO_gkls621',
'LOC_UNIT_BABANBO_gkls621_NAME',
'LOC_UNIT_BABANBO_gkls621_DESCRIPTION',
1,
30,
4,
4,
0,
1,
'DOMAIN_LAND',
'FORMATION_CLASS_LAND_COMBAT',
'PROMOTION_CLASS_BABANBO_gkls621',
0,
2,
'TRAIT_UNIT_BABANBO_gkls621');

-- Promotion Tree & Modifiers
INSERT INTO UnitPromotionClasses
(PromotionClassType, Name)
VALUES
('PROMOTION_CLASS_BABANBO_gkls621', 'LOC_PROMOTION_CLASS_BABANBO_gkls621_NAME');

INSERT INTO UnitPromotions
(UnitPromotionType, Name, Description, Level, PromotionClass, Column)
VALUES
('PROMOTION_REMEDY_gkls621', 'LOC_PROMOTION_REMEDY_gkls621_NAME', 'LOC_PROMOTION_REMEDY_gkls621_DESCRIPTION',
1, 'PROMOTION_CLASS_BABANBO_gkls621', 1),
('PROMOTION_VOUCHER_gkls621', 'LOC_PROMOTION_VOUCHER_gkls621_NAME', 'LOC_PROMOTION_VOUCHER_gkls621_DESCRIPTION',
2, 'PROMOTION_CLASS_BABANBO_gkls621', 1),
('PROMOTION_MELONPAN_gkls621', 'LOC_PROMOTION_MELONPAN_gkls621_NAME', 'LOC_PROMOTION_MELONPAN_gkls621_DESCRIPTION',
3, 'PROMOTION_CLASS_BABANBO_gkls621', 1),
('PROMOTION_GOUKOKU_gkls621', 'LOC_PROMOTION_GOUKOKU_gkls621_NAME', 'LOC_PROMOTION_GOUKOKU_gkls621_DESCRIPTION',
1, 'PROMOTION_CLASS_BABANBO_gkls621', 3),
('PROMOTION_QUICKTONGUE_gkls621', 'LOC_PROMOTION_QUICKTONGUE_gkls621_NAME', 'LOC_PROMOTION_QUICKTONGUE_gkls621_DESCRIPTION',
2, 'PROMOTION_CLASS_BABANBO_gkls621', 3),
('PROMOTION_TRANSFAT_gkls621', 'LOC_PROMOTION_TRANSFAT_gkls621_NAME', 'LOC_PROMOTION_TRANSFAT_gkls621_DESCRIPTION',
3, 'PROMOTION_CLASS_BABANBO_gkls621', 3),
('PROMOTION_USUAL_gkls621', 'LOC_PROMOTION_USUAL_gkls621_NAME', 'LOC_PROMOTION_USUAL_gkls621_DESCRIPTION',
4, 'PROMOTION_CLASS_BABANBO_gkls621', 2);

INSERT INTO UnitPromotionPrereqs
(UnitPromotion, PrereqUnitPromotion)
VALUES
('PROMOTION_VOUCHER_gkls621',     'PROMOTION_REMEDY_gkls621'),
('PROMOTION_MELONPAN_gkls621',    'PROMOTION_VOUCHER_gkls621'),
('PROMOTION_MELONPAN_gkls621',    'PROMOTION_QUICKTONGUE_gkls621'),
('PROMOTION_QUICKTONGUE_gkls621', 'PROMOTION_GOUKOKU_gkls621'),
('PROMOTION_TRANSFAT_gkls621',    'PROMOTION_VOUCHER_gkls621'),
('PROMOTION_TRANSFAT_gkls621',    'PROMOTION_QUICKTONGUE_gkls621'),
('PROMOTION_USUAL_gkls621',       'PROMOTION_MELONPAN_gkls621'),
('PROMOTION_USUAL_gkls621',       'PROMOTION_TRANSFAT_gkls621');

INSERT INTO UnitPromotionModifiers
(UnitPromotionType, ModifierId)
VALUES
('PROMOTION_REMEDY_gkls621',    'REMEDY_UNITS_NO_REDUCTION_DAMAGE_ATTACH_gkls621'),
('PROMOTION_REMEDY_gkls621',    'REMEDY_UNITS_HEAL_FROM_COMBAT_ATTACH_gkls621'),
--('PROMOTION_VOUCHER_gkls621',   'VOUCHER_'), Gain faith from mutual final damage in combat, through Lua
('PROMOTION_MELONPAN_gkls621',  'EXPERT_MARKSMAN_ADDITIONAL_ATTACK'),
--('PROMOTION_MELONPAN_gkls621',  'MELONPAN_'), Adjacent units grant a free promotion when Babanbo defeated an enemy, every 5 turns
('PROMOTION_GOUKOKU_gkls621',   'GOUGOKU_UNIT_PROPHET_POINT_FROM_KILL_ATTACH_gkls621'),
('PROMOTION_GOUKOKU_gkls621',   'GOUGOKU_UNIT_MUSICIAN_POINT_FROM_KILL_ATTACH_gkls621'),
--('PROMOTION_QUICKTONGUE_gkls621', 'QUICKTONGUE_') Defeating stronger units grant 1 token, and 2 governor titles if conquering a city
('PROMOTION_TRANSFAT_gkls621',  'TRANSFAT_UNITS_MOUNTAIN_GOLD_ATTACH_gkls621'),
--('PROMOTION_TRANSFAT_gkls621',  'TRANSFAT_UNITS_MOUNTAIN_CULTURE_ATTACH_gkls621'),
('PROMOTION_USUAL_gkls621',     'USUAL_CITIES_WONDER_PRODUCTION_ATTACH_gkls621'); -- If Babanbo dies, Moca's cities gain +1 population, and every ppopulation provide +2 production

INSERT INTO Modifiers
(ModifierId, ModifierType,  SubjectRequirementSetId)
VALUES
('REMEDY_UNITS_NO_REDUCTION_DAMAGE_ATTACH_gkls621',      'MODIFIER_PLAYER_UNITS_GRANT_ABILITY',  'REQSET_AG_PLOT_ADJACENT_TO_OWNER_MEDIUM_gkls621'),
('REMEDY_UNITS_HEAL_FROM_COMBAT_ATTACH_gkls621',         'MODIFIER_PLAYER_UNITS_GRANT_ABILITY',  'REQSET_AG_PLOT_ADJACENT_TO_OWNER_MEDIUM_gkls621'),
('GOUGOKU_UNIT_PROPHET_POINT_FROM_KILL_ATTACH_gkls621',  'MODIFIER_PLAYER_UNITS_GRANT_ABILITY',  'REQSET_AG_PLOT_ADJACENT_TO_OWNER_MEDIUM_gkls621'),
('GOUGOKU_UNIT_MUSICIAN_POINT_FROM_KILL_ATTACH_gkls621', 'MODIFIER_PLAYER_UNITS_GRANT_ABILITY',  'REQSET_AG_PLOT_ADJACENT_TO_OWNER_MEDIUM_gkls621'),
('TRANSFAT_UNITS_MOUNTAIN_GOLD_ATTACH_gkls621',          'MODIFIER_PLAYER_UNITS_GRANT_ABILITY',  'REQSET_AG_PLOT_ADJACENT_TO_OWNER_LARGE_gkls621'),
('USUAL_CITIES_WONDER_PRODUCTION_ATTACH_gkls621',        'MODIFIER_PLAYER_CITIES_ATTACH_MODIFIER',  NULL),
('USUAL_CITIES_WONDER_PRODUCTION_gkls621',               'MODIFIER_SINGLE_CITY_ADJUST_WONDER_PRODUCTION',   NULL);

INSERT INTO ModifierArguments
(ModifierId, Name, Value)
VALUES
('REMEDY_UNITS_NO_REDUCTION_DAMAGE_ATTACH_gkls621',     'AbilityType',  'ABILITY_REMEDY_UNITS_NO_REDUCTION_DAMAGE_gkls621'),
('REMEDY_UNITS_HEAL_FROM_COMBAT_ATTACH_gkls621',        'AbilityType',  'ABILITY_REMEDY_UNITS_HEAL_FROM_COMBAT_gkls621'),
('GOUGOKU_UNIT_PROPHET_POINT_FROM_KILL_ATTACH_gkls621', 'AbilityType',  'ABILITY_GOUGOKU_UNIT_PROPHET_POINT_FROM_KILL_gkls621'),
('GOUGOKU_UNIT_MUSICIAN_POINT_FROM_KILL_ATTACH_gkls621','AbilityType',  'ABILITY_GOUGOKU_UNIT_MUSICIAN_POINT_FROM_KILL_gkls621'),
('TRANSFAT_UNITS_MOUNTAIN_GOLD_ATTACH_gkls621',         'AbilityType',  'ABILITY_TRANSFAT_UNITS_MOUNTAIN_GOLD_gkls621'),
('USUAL_CITIES_WONDER_PRODUCTION_ATTACH_gkls621',       'ModifierId',   'USUAL_CITIES_WONDER_PRODUCTION_gkls621'),
('USUAL_CITIES_WONDER_PRODUCTION_gkls621',              'Amount',       25);

-- Ability Definitions & Some Modifiers
INSERT INTO UnitAbilities
(UnitAbilityType,   Name,   Description, Inactive)
VALUES
('ABILITY_BABANBO_gkls621',                               'LOC_GREAT_PERSON_INDIVIDUAL_BABANBO_gkls621_NAME',   'LOC_ABILITY_BABANBO_gkls621_DESCRIPTION',                               0),
('ABILITY_BABANBO_EXP_gkls621',                           'LOC_GREAT_PERSON_INDIVIDUAL_BABANBO_gkls621_NAME',   'LOC_ABILITY_BABANBO_EXP_gkls621_DESCRIPTION',                           1),
('ABILITY_REMEDY_UNITS_NO_REDUCTION_DAMAGE_gkls621',      'LOC_PROMOTION_REMEDY_gkls621_NAME',                  'LOC_ABILITY_REMEDY_UNITS_NO_REDUCTION_DAMAGE_gkls621_DESCRIPTION',      1),
('ABILITY_REMEDY_UNITS_HEAL_FROM_COMBAT_gkls621',         'LOC_PROMOTION_REMEDY_gkls621_NAME',                  'LOC_ABILITY_REMEDY_UNITS_HEAL_FROM_COMBAT_gkls621_DESCRIPTION',         1),
('ABILITY_GOUGOKU_UNIT_PROPHET_POINT_FROM_KILL_gkls621',  'LOC_PROMOTION_GOUKOKU_gkls621_NAME',                 'LOC_ABILITY_GOUGOKU_UNIT_PROPHET_POINT_FROM_KILL_gkls621_DESCRIPTION',  1),
('ABILITY_GOUGOKU_UNIT_MUSICIAN_POINT_FROM_KILL_gkls621', 'LOC_PROMOTION_GOUKOKU_gkls621_NAME',                 'LOC_ABILITY_GOUGOKU_UNIT_MUSICIAN_POINT_FROM_KILL_gkls621_DESCRIPTION', 1),
('ABILITY_TRANSFAT_UNITS_MOUNTAIN_GOLD_gkls621',          'LOC_PROMOTION_TRANSFAT_gkls621_NAME',                'LOC_ABILITY_TRANSFAT_UNITS_MOUNTAIN_GOLD_gkls621_DESCRIPTION',          1);

INSERT INTO UnitAbilityModifiers
(UnitAbilityType, ModifierId)
VALUES
--('ABILITY_BABANBO_gkls621',                                 'CORBACI_FREE_PROMOTION'),
('ABILITY_BABANBO_gkls621',                                 'BABANBO_GREAT_PERSON_COMBAT_gkls621'),
('ABILITY_BABANBO_gkls621',                                 'BABANBO_EXP_ABILITY_gkls621'),
('ABILITY_BABANBO_EXP_gkls621',                             'BABANBO_EXP_BONUS_gkls621'),
('ABILITY_REMEDY_UNITS_NO_REDUCTION_DAMAGE_gkls621',        'SAMURAI_NO_REDUCTION_DAMAGE'),
('ABILITY_REMEDY_UNITS_HEAL_FROM_COMBAT_gkls621',           'REMEDY_UNITS_HEAL_FROM_COMBAT_gkls621'),
('ABILITY_GOUGOKU_UNIT_PROPHET_POINT_FROM_KILL_gkls621',    'GOUGOKU_UNIT_PROPHET_POINT_FROM_KILL_gkls621'),
('ABILITY_GOUGOKU_UNIT_MUSICIAN_POINT_FROM_KILL_gkls621',   'GOUGOKU_UNIT_MUSICIAN_POINT_FROM_KILL_gkls621');

/*INSERT INTO UnitAbilityModifiers
(UnitAbilityType, ModifierId)
SELECT
'ABILITY_BABANBO_gkls621', 'BABANBO_' || GreatPersonClassType ||'_BASE_COMBAT_gkls621'
FROM GreatPersonClasses WHERE AvailableInTimeline = 1 ;*/

INSERT INTO UnitAbilityModifiers
(UnitAbilityType, ModifierId)
SELECT
'ABILITY_TRANSFAT_UNITS_MOUNTAIN_GOLD_gkls621', 'TRANSFAT_UNITS_' || TerrainType ||'_GOLD_gkls621'
FROM TerrainClass_Terrains WHERE TerrainClassType = 'TERRAIN_CLASS_MOUNTAIN'; 

INSERT INTO UnitAbilityModifiers
(UnitAbilityType, ModifierId)
SELECT
'ABILITY_TRANSFAT_UNITS_MOUNTAIN_GOLD_gkls621', 'TRANSFAT_UNITS_' || TerrainType ||'_FAITH_gkls621'
FROM TerrainClass_Terrains WHERE TerrainClassType = 'TERRAIN_CLASS_MOUNTAIN';

INSERT INTO Modifiers
(ModifierId, ModifierType, SubjectRequirementSetId)
VALUES
('BABANBO_GREAT_PERSON_COMBAT_gkls621',           'MODIFIER_UNIT_ADJUST_COMBAT_STRENGTH', NULL),
('BABANBO_EXP_ABILITY_gkls621',                   'MODIFIER_PLAYER_UNITS_GRANT_ABILITY', 'REQSET_AG_PLOT_ADJACENT_TO_OWNER_MEDIUM_gkls621'),
('BABANBO_EXP_BONUS_gkls621',                     'MODIFIER_PLAYER_UNIT_ADJUST_UNIT_EXPERIENCE_MODIFIER', NULL),
('REMEDY_UNITS_HEAL_FROM_COMBAT_gkls621',         'MODIFIER_PLAYER_UNIT_ADJUST_HEAL_FROM_COMBAT', NULL),
('GOUGOKU_UNIT_PROPHET_POINT_FROM_KILL_gkls621',  'MODIFIER_PLAYER_UNIT_ADJUST_GREAT_PEOPLE_POINTS_PER_KILL', NULL),
('GOUGOKU_UNIT_MUSICIAN_POINT_FROM_KILL_gkls621', 'MODIFIER_PLAYER_UNIT_ADJUST_GREAT_PEOPLE_POINTS_PER_KILL', NULL);

/* INSERT INTO Modifiers
(ModifierId, ModifierType, SubjectRequirementSetId)
SELECT
'BABANBO_' || GreatPersonClassType ||'_BASE_COMBAT_gkls621',
'MODIFIER_UNIT_ADJUST_BASE_COMBAT_STRENGTH', 'REQSET_AG_PLAYER_HAS_' || GreatPersonClassType || '_gkls621'
FROM GreatPersonClasses WHERE AvailableInTimeline = 1; */

INSERT INTO Modifiers
(ModifierId, ModifierType, OwnerRequirementSetId)
SELECT
'TRANSFAT_UNITS_' || TerrainType ||'_GOLD_gkls621',
'MODIFIER_PLAYER_UNIT_GRANT_ADJACENT_TERRAIN_YIELD', 'ON_TURN_STARTED'
FROM TerrainClass_Terrains WHERE TerrainClassType = 'TERRAIN_CLASS_MOUNTAIN';

INSERT INTO Modifiers
(ModifierId, ModifierType, OwnerRequirementSetId)
SELECT
'TRANSFAT_UNITS_' || TerrainType ||'_FAITH_gkls621',
'MODIFIER_PLAYER_UNIT_GRANT_ADJACENT_TERRAIN_YIELD', 'ON_TURN_STARTED'
FROM TerrainClass_Terrains WHERE TerrainClassType = 'TERRAIN_CLASS_MOUNTAIN';

INSERT INTO ModifierArguments
(ModifierId, Name, Value)
VALUES
('BABANBO_GREAT_PERSON_COMBAT_gkls621', 'Key',   'MOCA_GREAT_PERSON_TYPES'),
('BABANBO_EXP_ABILITY_gkls621', 'AbilityType',  'ABILITY_BABANBO_EXP_gkls621'),
('BABANBO_EXP_BONUS_gkls621',   'Amount',   100),
('REMEDY_UNITS_HEAL_FROM_COMBAT_gkls621', 'Amount', 90),
('GOUGOKU_UNIT_PROPHET_POINT_FROM_KILL_gkls621', 'Amount', 10),
('GOUGOKU_UNIT_PROPHET_POINT_FROM_KILL_gkls621', 'GreatPersonClassType', 'GREAT_PERSON_CLASS_PROPHET'),
('GOUGOKU_UNIT_MUSICIAN_POINT_FROM_KILL_gkls621', 'Amount', 10),
('GOUGOKU_UNIT_MUSICIAN_POINT_FROM_KILL_gkls621', 'GreatPersonClassType', 'GREAT_PERSON_CLASS_MUSICIAN');

/* INSERT INTO ModifierArguments
(ModifierId, Name, Value)
SELECT
'BABANBO_' || GreatPersonClassType ||'_BASE_COMBAT_gkls621',
'Amount', 12
FROM GreatPersonClasses WHERE AvailableInTimeline = 1; */

INSERT INTO ModifierArguments
(ModifierId, Name, Value, Type)
SELECT
'TRANSFAT_UNITS_' || TerrainType ||'_GOLD_gkls621',
'Amount', 30, 'ScaleByGameSpeed'
FROM TerrainClass_Terrains WHERE TerrainClassType = 'TERRAIN_CLASS_MOUNTAIN'
UNION SELECT
'TRANSFAT_UNITS_' || TerrainType ||'_GOLD_gkls621',
'TerrainType', TerrainType, 'ARGTYPE_IDENTITY'
FROM TerrainClass_Terrains WHERE TerrainClassType = 'TERRAIN_CLASS_MOUNTAIN'
UNION SELECT
'TRANSFAT_UNITS_' || TerrainType ||'_GOLD_gkls621',
'YieldType', 'YIELD_GOLD', 'ARGTYPE_IDENTITY'
FROM TerrainClass_Terrains WHERE TerrainClassType = 'TERRAIN_CLASS_MOUNTAIN';

INSERT INTO ModifierArguments
(ModifierId, Name, Value, Type)
SELECT
'TRANSFAT_UNITS_' || TerrainType ||'_FAITH_gkls621',
'Amount', 30, 'ScaleByGameSpeed'
FROM TerrainClass_Terrains WHERE TerrainClassType = 'TERRAIN_CLASS_MOUNTAIN'
UNION SELECT
'TRANSFAT_UNITS_' || TerrainType ||'_FAITH_gkls621',
'TerrainType', TerrainType, 'ARGTYPE_IDENTITY'
FROM TerrainClass_Terrains WHERE TerrainClassType = 'TERRAIN_CLASS_MOUNTAIN'
UNION SELECT
'TRANSFAT_UNITS_' || TerrainType ||'_FAITH_gkls621',
'YieldType', 'YIELD_FAITH', 'ARGTYPE_IDENTITY'
FROM TerrainClass_Terrains WHERE TerrainClassType = 'TERRAIN_CLASS_MOUNTAIN';

INSERT INTO RequirementSets (RequirementSetId, RequirementSetType)
VALUES
('REQSET_AG_PLOT_ADJACENT_TO_OWNER_MEDIUM_gkls621', 'REQUIREMENTSET_TEST_ALL'),
('REQSET_AG_PLOT_ADJACENT_TO_OWNER_LARGE_gkls621', 'REQUIREMENTSET_TEST_ALL');

INSERT INTO RequirementSetRequirements (RequirementSetId, RequirementId)
VALUES
('REQSET_AG_PLOT_ADJACENT_TO_OWNER_MEDIUM_gkls621', 'AG_PLOT_ADJACENT_TO_OWNER_MEDIUM_gkls621'),
('REQSET_AG_PLOT_ADJACENT_TO_OWNER_LARGE_gkls621', 'AG_PLOT_ADJACENT_TO_OWNER_LARGE_gkls621');

INSERT INTO Requirements (RequirementId, RequirementType)
VALUES
('AG_PLOT_ADJACENT_TO_OWNER_MEDIUM_gkls621', 'REQUIREMENT_PLOT_ADJACENT_TO_OWNER'),
('AG_PLOT_ADJACENT_TO_OWNER_LARGE_gkls621', 'REQUIREMENT_PLOT_ADJACENT_TO_OWNER');

INSERT INTO RequirementArguments (RequirementId, Name, Value)
VALUES
('AG_PLOT_ADJACENT_TO_OWNER_MEDIUM_gkls621', 'MaxDistance', '3'),
('AG_PLOT_ADJACENT_TO_OWNER_MEDIUM_gkls621', 'MinDistance', '0'),
('AG_PLOT_ADJACENT_TO_OWNER_LARGE_gkls621', 'MaxDistance', '6'),
('AG_PLOT_ADJACENT_TO_OWNER_LARGE_gkls621', 'MinDistance', '0');

INSERT INTO ModifierStrings
(ModifierId, Context, Text)
VALUES
('BABANBO_GREAT_PERSON_COMBAT_gkls621', 'Preview', 'LOC_BABANBO_GREAT_PERSON_COMBAT_gkls621');